Afghanistan,Australia,Bangladesh,England,India,Ireland,New Zealand,Pakistan,South Africa,West Indies,Zimbabwe
Pathum Nissanka,Pathum Nissanka,Pathum Nissanka,Pathum Nissanka,Pathum Nissanka,Pathum Nissanka,Pathum Nissanka,Pathum Nissanka,Pathum Nissanka,Pathum Nissanka,Pathum Nissanka
Kamil Mishara,Kamil Mishara,Kamil Mishara,Kamil Mishara,Kamil Mishara,Kamil Mishara,Kamil Mishara,Kamil Mishara,Kamil Mishara,Kamil Mishara,Kamil Mishara
Kusal Mendis,Kusal Mendis,Kusal Mendis,Kamil Mishara,Kusal Mendis,Kusal Mendis,Kusal Mendis,Kusal Mendis,Kusal Mendis,Avishka Fernando,Kusal Mendis
Sadeera Samarawickrama,Kamindu Mendis,Pavan Rathnayake,Pavan Rathnayake,Sadeera Samarawickrama,Charith Asalanka,Kamindu Mendis,Pavan Rathnayake,Pavan Rathnayake,Pavan Rathnayake,Pavan Rathnayake
Charith Asalanka,Charith Asalanka,Charith Asalanka,Charith Asalanka,Charith Asalanka,Kamindu Mendis,Charith Asalanka,Charith Asalanka,Charith Asalanka,Kamindu Mendis,Kamindu Mendis
Janith Liyanage,Janith Liyanage,Janith Liyanage,Kamindu Mendis,Janith Liyanage,Janith Liyanage,Janith Liyanage,Kamindu Mendis,Janith Liyanage,Janith Liyanage,Janith Liyanage
Wanindu Hasaranga,Dunith Wellalage,Wanindu Hasaranga,Janith Liyanage,Wanindu Hasaranga,Dunith Wellalage,Wanindu Hasaranga,Janith Liyanage,Dunith Wellalage,Wanindu Hasaranga,Wanindu Hasaranga
Maheesh Theekshana,Wanindu Hasaranga,Dunith Wellalage,Wanindu Hasaranga,Dunith Wellalage,Wanindu Hasaranga,Dunith Wellalage,Wanindu Hasaranga,Wanindu Hasaranga,Dunith Wellalage,Dunith Wellalage
Dushmantha Chameera,Maheesh Theekshana,Maheesh Theekshana,Maheesh Theekshana,Maheesh Theekshana,Maheesh Theekshana,Maheesh Theekshana,Maheesh Theekshana,Maheesh Theekshana,Maheesh Theekshana,Maheesh Theekshana
Dilshan Madushanka,Eshan Malinga,Asitha Fernando,Asitha Fernando,Dilshan Madushanka,Dushmantha Chameera,Asitha Fernando,Dilshan Madushanka,Dilshan Madushanka,Dushmantha Chameera,Dushmantha Chameera
Pramod Madushan,Asitha Fernando,Dilshan Madushanka,Eshan Malinga,Asitha Fernando,Asitha Fernando,Dilshan Madushanka,Asitha Fernando,Asitha Fernando,Asitha Fernando,Asitha Fernando
