Afghanistan,Australia,England,India,Ireland,New Zealand,Pakistan,South Africa,Sri Lanka,West Indies,Zimbabwe
Litton Das,Litton Das,Litton Das,Litton Das,Litton Das,Litton Das,Litton Das,Litton Das,Litton Das,Litton Das,Litton Das
P. Hossain Emon,P. Hossain Emon,P. Hossain Emon,P. Hossain Emon,P. Hossain Emon,P. Hossain Emon,P. Hossain Emon,P. Hossain Emon,P. Hossain Emon,P. Hossain Emon,P. Hossain Emon
Tanzid Hasan,Tanzid Hasan,Tanzid Hasan,Tanzid Hasan,Tanzid Hasan,Tanzid Hasan,Tanzid Hasan,Tanzid Hasan,Tanzid Hasan,Tanzid Hasan,Tanzid Hasan
Tawhid Hridoy,Tawhid Hridoy,Tawhid Hridoy,Tawhid Hridoy,Tawhid Hridoy,Tawhid Hridoy,Tawhid Hridoy,Tawhid Hridoy,Tawhid Hridoy,Tawhid Hridoy,Tawhid Hridoy
Nurul Hasan,Nurul Hasan,Nurul Hasan,Nurul Hasan,Nurul Hasan,Nurul Hasan,Nurul Hasan,Nurul Hasan,Nurul Hasan,Nurul Hasan,Nurul Hasan
Shamim Hossain,Shamim Hossain,Shamim Hossain,Shamim Hossain,Shamim Hossain,Shamim Hossain,Shamim Hossain,Shamim Hossain,Shamim Hossain,Shamim Hossain,Shamim Hossain
Mahedi Hasan,Mahedi Hasan,Mahedi Hasan,Mahedi Hasan,Mahedi Hasan,Mahedi Hasan,Mahedi Hasan,Mahedi Hasan,Mahedi Hasan,Mahedi Hasan,Mahedi Hasan
Rishad Hossain,Rishad Hossain,Rishad Hossain,Rishad Hossain,Rishad Hossain,Rishad Hossain,Rishad Hossain,Rishad Hossain,Rishad Hossain,Rishad Hossain,Rishad Hossain
Nasum Ahmed,M. Rahman,Nasum Ahmed,M. Rahman,Nasum Ahmed,Shoriful Islam,M. Rahman,M. Rahman,Nasum Ahmed,M. Rahman,M. Saifuddin
Shoriful Islam,Shoriful Islam,M. Rahman,Shoriful Islam,Shoriful Islam,Tanzim Sakib,Tanzim Sakib,Shoriful Islam,Shoriful Islam,Shoriful Islam,Shoriful Islam
M. Rahman,Tanzim Sakib,Tanzim Sakib,Tanzim Sakib,M. Saifuddin,M. Rahman,Nasum Ahmed,Tanzim Sakib,M. Rahman,Tanzim Sakib,Tanzim Sakib
