Afghanistan,Australia,Bangladesh,England,India,New Zealand,Pakistan,South Africa,Sri Lanka,West Indies,Zimbabwe
Paul Stirling,Paul Stirling,Paul Stirling,Paul Stirling,Paul Stirling,Paul Stirling,Paul Stirling,Paul Stirling,Paul Stirling,Paul Stirling,Paul Stirling
Andrew Balbirnie,Andrew Balbirnie,Andrew Balbirnie,Andrew Balbirnie,Andrew Balbirnie,Andrew Balbirnie,Andrew Balbirnie,Andrew Balbirnie,Andrew Balbirnie,Andrew Balbirnie,Andrew Balbirnie
Harry Tector,Harry Tector,Harry Tector,Harry Tector,Harry Tector,Harry Tector,Harry Tector,Harry Tector,Harry Tector,Harry Tector,Harry Tector
Lorcan Tucker,Lorcan Tucker,Lorcan Tucker,Lorcan Tucker,Lorcan Tucker,Lorcan Tucker,Lorcan Tucker,Lorcan Tucker,Lorcan Tucker,Lorcan Tucker,Lorcan Tucker
Curtis Campher,Curtis Campher,Curtis Campher,Curtis Campher,Curtis Campher,Curtis Campher,Curtis Campher,Curtis Campher,Curtis Campher,Curtis Campher,Curtis Campher
George Dockrell,George Dockrell,George Dockrell,George Dockrell,George Dockrell,George Dockrell,George Dockrell,George Dockrell,George Dockrell,George Dockrell,George Dockrell
Andy McBrine,Mark Adair,Gareth Delany,Mark Adair,Mark Adair,Gareth Delany,Mark Adair,Mark Adair,Gareth Delany,Gareth Delany,Stephen Doheny
Mark Adair,Andy McBrine,Mark Adair,Andy McBrine,Andy McBrine,Mark Adair,Andy McBrine,Andy McBrine,Mark Adair,Mark Adair,Mark Adair
Josh Little,Josh Little,Andy McBrine,Josh Little,Josh Little,Andy McBrine,Josh Little,Josh Little,Andy McBrine,Andy McBrine,Andy McBrine
Barry McCarthy,Barry McCarthy,Josh Little,Barry McCarthy,Barry McCarthy,Josh Little,Barry McCarthy,Barry McCarthy,Josh Little,Josh Little,Josh Little
Craig Young,Craig Young,Barry McCarthy,Craig Young,Craig Young,Craig Young,Craig Young,Craig Young,Barry McCarthy,Craig Young,Craig Young
