players_names,age,country,players_role,total_matches,runs_2023,runs_2024,runs_2025,runs_2026,avg_2023,avg_2024,avg_2025,avg_2026,strikerate_2023,strikerate_2024,strikerate_2025,strikerate_2026,wickets_2023,wickets_2024,wickets_2025,wickets_2026,economy_2023,economy_2024,economy_2025,economy_2026
A Dananjaya,27,Sri Lanka,Spin Bowler,55,79,74,96,105,11.03,3.27,3.24,7.9,74.78,82.03,80.94,82.12,19,19,33,20,8.99,8.98,7.72,9.38
Asitha Fernando,30,Sri Lanka,Pace Bowler,49,91,136,198,78,9.57,6.41,8.57,9.34,99.49,100.36,117.39,72.52,15,16,28,22,7.58,7.43,7.55,7.79
Binura Fernando,31,Sri Lanka,Pace Bowler,49,74,26,158,118,4.54,6.42,8.01,9.98,110.1,124.42,107.65,82.6,14,21,48,19,7.65,7.37,9.17,8.57
Kusal Mendis,31,Sri Lanka,Wk,106,2438,2997,3133,953,41.86,46.78,50.74,36.35,138.38,123.77,118.64,140.1,0,0,0,0,0,0,0,0
Oshada Fernando,34,Sri Lanka,Top Order Batter,55,403,248,549,335,29.94,25.93,18.67,21.36,149.43,142.27,140.64,133.15,0,0,0,0,0,0,0,0
Chamika Karunaratne,30,Sri Lanka,Bowling All-Rounder,68,1009,769,1061,490,35.41,30.18,28.79,18.01,126.94,121.11,146.15,127.97,16,24,22,17,9.31,9.05,6.96,9.36
Chamindu Wickramasinghe,24,Sri Lanka,Bowling All-Rounder,26,97,105,168,105,15.13,19.5,15.83,13.33,136.99,131.93,144.2,154.81,8,7,9,7,7.98,7.13,7.71,7.42
Kasun Rajitha,33,Sri Lanka,Pace Bowler,46,89,120,127,117,3.64,4.93,8.14,10.27,83.09,77.28,96,80.47,12,26,28,19,7.96,8.06,8.62,7.07
Lahiru Kumara,29,Sri Lanka,Pace Bowler,50,61,55,151,108,6.8,11.31,7.95,10.52,85.32,94.37,72.78,123.29,26,27,22,12,9.09,8.11,7.88,7.82
Dilshan Madushanka,25,Sri Lanka,Pace Bowler,63,151,191,240,118,11.96,4.39,8.21,3.51,100.57,86.32,99.82,102.13,24,33,29,26,9.1,9.39,7.3,8.62
Dhananjaya de Silva,35,Sri Lanka,Batting All-Rounder,45,320,571,520,404,23.22,32.29,20.04,21.12,138.35,123.17,130.83,127.65,11,18,19,10,7,9.5,7,7.52
Dunith Wellalage,23,Sri Lanka,Bowling All-Rounder,33,234,315,249,153,15.88,15.38,11.87,10.24,139.47,115.31,141.54,119.62,8,12,13,7,8.29,8.43,7.35,7.51
Pasindu Sooriyabandara,23,Sri Lanka,Top Order Batter,34,179,291,199,103,9.94,12.78,14.6,19.61,145.84,144.65,115.39,151.16,0,0,0,0,0,0,0,0
Eshan Malinga,24,Sri Lanka,Pace Bowler,29,31,97,24,52,11.09,11.09,3.93,6.66,113.79,81.55,112.91,104.14,12,21,17,6,9.31,9.44,9.18,8.79
Sonal Dinusha,25,Sri Lanka,Batting All-Rounder,50,466,730,1121,310,25.99,36.78,21.57,20.17,154.25,119.61,153.5,132.38,14,22,22,9,7.65,8.18,8.36,8.71
Isitha Wijesundera,29,Sri Lanka,Pace Bowler,27,4,161,102,51,5.2,3.66,4.75,5.2,96.13,92.79,108.3,106.08,0,0,0,0,0,0,0,0
Janith Liyanage,30,Sri Lanka,Batting All-Rounder,52,511,601,796,466,30.31,18.01,29.6,26.84,127.04,126.48,141.19,123.55,11,20,18,15,9.23,7.26,8.19,7.71
Jeffrey Vandersay,36,Sri Lanka,Spin Bowler,47,15,161,102,51,5.2,3.66,4.75,5.2,96.13,92.79,108.3,106.08,17,34,24,20,8.83,7.09,7.27,8.2
Kamil Mishara,25,Sri Lanka,Top Order Batter,50,458,934,744,511,37.76,35.83,28.1,35.94,138.82,139.51,148.22,144.75,0,0,0,0,0,0,0,0
Keshara Nuwantha,24,Sri Lanka,Bowling All-Rounder,34,154,130,227,146,16.79,13.04,15.84,17.53,125.98,125.87,120.53,143.26,0,0,0,0,0,0,0,0
Charith Asalanka,29,Sri Lanka,Middle Order Batter,68,772,1259,1032,770,48.73,47.43,24.46,47.34,138.36,145.62,129.07,153.14,0,0,0,0,0,0,0,0
Nishan Peiris,26,Sri Lanka,Pace Bowler,60,98,32,59,105,8.63,7.94,9.28,8.48,111.8,121.02,76.68,83.16,0,0,0,0,0,0,0,0
Nishan Madushka,26,Sri Lanka,Wk,57,244,595,669,309,23.02,29.9,31.17,16.55,123.47,130.17,125.09,136.58,0,0,0,0,0,0,0,0
Tharindu Ratnayake,30,Sri Lanka,Bowling All-Rounder,75,778,609,1276,801,36.99,21.05,29.28,33.34,122.97,120.05,123.72,121.71,17,15,30,16,8.29,7.05,9.26,7.12
Lasith Croospulle,27,Sri Lanka,Top Order Batter,65,189,174,264,163,18.51,37.16,19.52,20.04,127.48,130.87,142.62,145.9,0,0,0,0,0,0,0,0
Dinesh Chandimal,36,Sri Lanka,Wk,57,420,440,985,524,21.25,19.86,16.09,27.66,129.82,148.98,153.43,143.29,0,0,0,0,0,0,0,0
Lahiru Udara,32,Sri Lanka,Wk,60,689,1092,895,503,27.67,23.37,19.73,27.29,132.42,149.07,150.27,139.41,0,0,0,0,0,0,0,0
Mateesha Pathirana,23,Sri Lanka,Pace Bowler,27,47,82,85,29,6.06,5.49,3.77,9.82,118.42,70.56,109.6,107.98,10,21,12,8,8.13,7.05,8.67,8.37
M Shiraz,31,Sri Lanka,Pace Bowler,52,108,22,128,27,5.44,4.73,9.86,7.36,83.83,76.58,80.18,109.85,30,24,30,16,8.22,7.07,7.41,6.84
Maheesh Theekshana,25,Sri Lanka,Spin Bowler,58,19,232,107,161,10.82,8.17,4.66,7.3,97,95.82,72.83,115.22,22,44,30,23,7,6.94,8.32,9.48
Dushan Hemantha,31,Sri Lanka,Bowlin All-Rounder,48,531,757,792,466,27.01,37.8,30.19,22.16,132.71,127.22,144.6,123.44,16,14,15,11,7.22,7,8.02,7.59
Dasun Shanaka,35,Sri Lanka,Batting All-Rounder,40,445,469,520,776,27.01,29.34,24.76,15.54,140,132.01,151.34,121.64,11,16,11,12,8.82,7.58,8.66,9.35
Kusal Perera,36,Sri Lanka,Wk,64,562,856,914,470,23.93,36.11,39.51,19.56,118.65,138.01,141.89,145.25,0,0,0,0,0,0,0,0
Nuwanidu Fernando,27,Sri Lanka,Top Order Batter,52,106,281,151,242,7.43,6,5.97,11.51,75.02,106.86,108.15,114.75,26,32,35,22,8.03,7.67,7.89,9.47
Vishwa Fernando,34,Sri Lanka,Pace Bowler,45,102,32,65,105,8.63,7.94,9.28,8.48,111.8,121.02,76.68,83.16,17,15,30,16,8.29,7.05,9.26,7.12
Niroshan Dickwella,33,Sri Lanka,Wk,70,859,1012,965,455,37.6,25.67,35.59,33.8,124.75,151.87,149.56,131.6,0,0,0,0,0,0,0,0
Nuwan Thushara,30,Sri Lanka,Pace Bowler,62,106,39,122,46,11.99,7.85,7.89,4.7,96.93,88.98,95.04,108.36,29,48,39,26,7.43,6.92,8.7,7.84
Pathum Nissanka,28,Sri Lanka,Top Order Batter,103,1317,3415,2033,1124,55,55,55,55,151.84,132.36,149.9,151.14,0,0,0,0,0,0,0,0
Pavan Rathnayake,24,Sri Lanka,Middle Order Batter,101,98,67,117,244,12.09,8.08,9.41,11.23,146.7,149.83,151.51,125.16,0,0,0,0,0,0,0,0
Bhanuka Rajapaksa,34,Sri Lanka,Middle Order Batter,44,180,520,451,296,21.47,24.62,27.92,22.13,128.82,131.97,122.97,124.49,0,0,0,0,0,0,0,0
Kamindu Mendis,27,Sri Lanka,Batting All-Rounder,70,916,1429,1053,758,28.19,39.47,33.52,40.77,137.64,116.96,151.17,139.28,18,32,26,36,8.52,8.63,8.58,8.5
Pramod Madushan,29,Sri Lanka,Pace Bowler,37,69,19,59,34,7.08,9.32,9.92,7.06,103.3,116.9,109.65,82.57,13,13,12,22,8.1,8.82,7.11,7.18
Dushmantha Chameera,34,Sri Lanka,Pace Bowler,50,141,3,173,137,6.29,7.83,9.05,11.46,113.49,95.01,102.15,75.96,23,39,49,49,6.87,8.32,7.4,9.02
Wanindu Hasaranga,29,Sri Lanka,Bowling All-Rounder,90,867,1747,1437,1213,37.6,27.96,44.36,44.34,118.89,133.15,152.84,121.18,21,29,34,25,7.07,7.9,6.89,8
Milan Rathnayake,29,Sri Lanka,Bowling All-Rounder,68,1047,477,952,638,25.17,20.44,31.26,18.43,130.93,148.92,140.67,146.47,19,19,33,14,7.14,6.99,7.36,9.15
Ramesh Mendis,31,Sri Lanka,Bowling All-Rounder,53,297,568,321,465,20.6,31.22,33.8,21.48,125.03,116.03,124.52,117.1,13,25,17,12,8.22,8.09,8.19,8.16
Sadeera Samarawickrama,29,Sri Lanka,Wk,73,516,1018,1194,446,37.28,26.03,36.19,30.17,117.43,142.44,117.94,117.63,0,0,0,0,0,0,0,0
V Viyaskanth,25,Sri Lanka,Spin Bowler,47,79,47,111,34,7.08,9.32,9.92,7.06,103.3,116.9,109.65,82.57,21,26,29,32,8.02,7.06,8.6,7.21
Avishka Fernando,28,Sri Lanka,Top Order Batter,40,188,123,139,171,18.83,16.08,13.79,19.45,137.25,128.19,141.61,143.84,0,0,0,0,0,0,0,0
Ahan Wickramasinghe,24,Sri Lanka,Middle Order Batter,41,250,302,320,217,12.37,13.94,18.78,18.9,119.33,145.5,148.81,139.54,0,0,0,0,0,0,0,0
Ravindu Rasantha,25,Sri Lanka,Top Order Batter,65,341,528,151,527,32.05,18.12,26.02,18.61,127.36,149.79,120.67,144.84,0,0,0,0,0,0,0,0
Sohan de Livera,26,Sri Lanka,Top Order Batter,30,183,116,226,158,16.14,11.63,12.89,14.76,118.4,139.71,141.48,125.93,0,0,0,0,0,0,0,0
Sahan Kosala,25,Sri Lanka,Middle Order Batter,68,502,707,565,520,31.34,29.99,22.22,24.56,116.82,115.31,120.49,115.31,0,0,0,0,0,0,0,0
Nipun Dhananjaya,25,Sri Lanka,Middle Order Batter,68,454,542,301,412,34.12,18.85,35.24,32.19,117.88,115.75,138.03,131.71,0,0,0,0,0,0,0,0
Janishka Perera,25,Sri Lanka,Top Order Batter,28,130,201,235,119,20.02,12.58,14.25,13.56,118.53,138.55,127.41,121.73,0,0,0,0,0,0,0,0
Vishen Halambage,21,Sri Lanka,Top Order Batter,34,159,179,327,108,18.91,11.51,18.26,18.4,147.6,122.89,141.22,134.76,0,0,0,0,0,0,0,0
Dhananjaya Lakshan,28,Sri Lanka,Bowling All-Rounder,63,751,795,971,365,30.49,21.02,24.06,28.15,149.57,117.73,125.99,127.42,19,25,35,17,6.95,7.01,9.11,8.17
Ravindu Fernando,24,Sri Lanka,Batting All-Rounder,31,207,227,190,167,17.07,11.56,19.79,15.45,127.86,117.47,128.74,121.9,7,12,11,7,7.98,8.21,7.81,7.9
Ashian Daniel,25,Sri Lanka,Spin Bowler,49,14,150,189,14,9.11,8.91,6,6.15,85.63,119.85,102.05,123.22,26,34,10,18,7.86,9.33,7.82,9
Dilum Sudeera,25,Sri Lanka,Spin Bowler,56,15,13,39,20,6.81,4.62,7.38,3.69,89.9,81.78,82.46,116.44,13,12,6,17,8.88,9.19,7.71,7.15
Garuka Sanketh,24,Sri Lanka,Pace Bowler,27,10,79,36,46,6.94,5.14,9.74,5.79,92.6,94.43,94.69,114.47,10,17,25,11,9.05,9.36,8.05,7.83
Dulaj Samuditha,24,Sri Lanka,Bowling All-Rounder,32,168,249,343,99,16.95,11.03,13.04,19.86,149.96,148.84,145.52,120.89,10,10,13,5,9.36,8.02,6.87,8.16
Traveen Mathew,25,Sri Lanka,Spin Bowler,46,143,52,97,67,8.85,5.58,4.25,3.05,113.53,115.64,108.8,74.36,23,25,22,30,9.05,8.76,7.1,7.61
Chamindu Wijesinghe,24,Sri Lanka,Batting All-Rounder,33,190,221,115,132,17.96,17.99,15.91,18.47,140.13,128.3,147.54,133.58,13,11,11,8,8.51,6.97,8.04,6.92
Vishad Randika,29,Sri Lanka,Top Order Batter,54,389,310,308,522,23.07,25.14,24.64,35.79,145.13,146.23,119.98,144.73,0,0,0,0,0,0,0,0
Vimath Dinsara,20,Sri Lanka,Top Order Batter,40,253,383,357,125,15.61,10.77,15.9,17.17,147.05,139.1,127.85,127.26,0,0,0,0,0,0,0,0
Kavija Gamage,19,Sri Lanka,Spin Bowler,55,133,61,15,87,6.17,11.82,8.74,9.11,124.9,122.13,89.98,122.4,19,20,27,15,8.44,6.89,8.9,7.83
Dulnith Sigera,19,Sri Lanka,Batting All-Rounder,32,210,206,203,124,16.21,17.05,17.99,16.08,136.18,124.98,134.96,125.47,8,15,19,5,8,7.57,8.13,9.1
Vigneshwaran Akash,19,Sri Lanka,Spin Bowler,28,84,26,73,52,5.88,7.88,9.41,10.14,89.11,119.02,121,97.98,12,12,9,12,7.34,8.93,8.3,8.97
Yashasvi Jaiswal,24,India,Top Order Batter,100,694,872,635,573,39.76,30.87,31.05,31.86,123.26,142.83,124.08,130.05,0,0,0,0,0,0,0,0
Shubman Gill,27,India,Top Order Batter,140,911,1195,758,544,38.66,42.88,34.63,39.58,137.85,133.03,156.73,136.76,0,0,0,0,0,0,0,0
KL Rahul,34,India,WK,260,707,640,686,476,19.51,34.33,32.05,37.07,122.68,139.24,140.39,151.45,0,0,0,0,0,0,0,0
Rishabh Pant,28,India,WK,220,677,898,544,642,28.95,29.38,34.84,37.73,157.8,149.89,149.12,132.81,0,0,0,0,0,0,0,0
Washington Sundar,26,India,Bowling All-Rounder,150,235,141,237,409,25.03,15.88,28.07,27.29,115.79,141.89,117.82,145.24,12,6,12,9,7,7.24,8.15,7.75
Dhruv Jurel,25,India,WK,31,108,136,129,99,25.65,40.81,28.96,34.33,125.65,149.47,159.19,145.17,0,0,0,0,0,0,0,0
Nithish Kumar Reddy,23,India,Batting All-Rounder,732,782,705,744,61,24.05,20.95,29.18,20.45,135.63,158.2,141.77,135.42,0,0,0,0,0,0,0,0
Sarfaraz Khan,28,India,Middle Order Batter,24,101,95,125,70,34.61,40.85,39.94,33.43,143.24,136.28,154.12,124.1,0,0,0,0,0,0,0,0
Sai Sudharsan,24,India,Top Order Batter,38,88,110,142,67,34.62,40.49,26.75,22.72,163.04,164.46,129.92,129.2,0,0,0,0,0,0,0,0
Devdutt Padikkal,26,India,Top Order Batter,47,138,155,154,143,32.65,26.26,20.88,22.78,120.09,148.94,137.48,160.01,0,0,0,0,0,0,0,0
Axar Patel,32,India,Bowling All-Rounder,220,382,223,327,389,17.19,23.23,22.9,18.17,143.93,119.58,147.68,123.81,22,4,12,9,8.47,9.41,9.12,7.22
Akash Deep,29,India,Pace Bowler,45,13,36,35,31,11.62,13.27,5.83,12.52,117.54,116.68,86.83,114.92,3,9,9,4,8.72,8.98,9.12,6.92
Kuldeep Yadav,31,India,Spin Bowler,180,62,48,4,6,5.68,14.87,5.37,8.56,82.78,119.75,100.35,123.8,21,46,36,59,8.09,7.07,9.18,7.1
Jasprit Bumrah,32,India,Pace Bowler,220,28,52,20,67,11.11,16.26,10.27,10,116.33,121.75,98.75,89.57,77,88,84,82,7.24,9.18,7.45,6.87
Shreyas Iyer,31,India,Middle Order Batter,180,654,583,619,735,40.55,24.07,35.92,21.91,148.96,126.18,124.24,150.05,0,0,0,0,0,0,0,0
KS Bharat,32,India,WK,22,83,103,127,77,28.36,22.7,18.47,18.43,143.2,134.33,144.93,134.92,0,0,0,0,0,0,0,0
Mohammed Siraj,32,India,Pace Bowler,180,62,97,69,26,11.17,5.47,5.81,6.09,82.89,91.95,99,121.36,30,35,47,39,8.87,8.84,8.96,8.6
Rajat Patidar,32,India,Middle Order Batter,13,90,138,87,67,37.19,24.45,24.25,24.35,128.25,120.76,147.37,125.48,0,0,0,0,0,0,0,0
Shardul Thakur,34,India,Bowling All-Rounder,160,104,115,163,256,29.91,25.64,28.98,25.08,129.62,147.83,137,124.47,20,21,14,18,8.37,7.29,7.12,9.48
Manav Suthar,24,India,Spin Bowler,10,1,37,33,14,14.26,5.49,9.5,15.65,104.8,116.85,102.8,111.8,5,7,10,10,7.92,7.99,9.45,7.71
Prasidh Krishna,30,India,Pace Bowler,100,35,26,67,16,4.76,6.29,7.95,10.24,85.84,83.8,90.9,91.85,6,26,12,29,8.72,9.11,7.88,9.42
Harshit Rana,23,India,Pace Bowler,43,13,13,31,16,4.48,5.17,5.27,8.2,119.71,92.55,116.77,108.34,35,11,24,33,7.05,7.24,8.26,9.37
Mukesh Kumar,32,India,Pace Bowler,62,30,13,2,32,13.21,17.79,15.69,5.95,112.22,86.73,120.14,103.57,23,11,10,9,7.67,8.43,8.7,9
Anshul Kamboj,25,India,Pace Bowler,59,1,26,15,10,13.61,5.19,10.32,7.69,115.91,81.88,82.29,100.56,11,10,2,3,9.37,9.38,8.09,9.3
Hardik Pandya,32,India,Batting All-Rounder,300,414,383,327,201,16.38,27.69,21.91,15.7,133.41,123.22,144.59,137.15,17,18,5,8,7.92,7.19,9.23,8.3
Arshdeep Singh,27,India,Pace Bowler,150,29,31,51,93,10.52,5.2,17.92,5.04,114.52,101.28,124.73,84.06,30,12,14,23,8.15,6.73,9.25,7.29
Shivam Dube,33,India,Batting All-Rounder,170,314,332,378,214,32.48,20.7,39.03,40.8,148.43,136.43,137.73,150.67,0,0,0,0,0,0,0,0
Gurnoor Brar,25,India,Pace Bowler,33,12,0,5,15,5.97,0,16.97,9.5,95.48,0,112.09,124.95,6,12,14,10,9.02,9.02,7.37,7.58
Ishan Kishan,28,India,WK,170,505,456,627,612,24.6,38.03,23.98,22.56,122.17,132.85,131.96,136.8,0,0,0,0,0,0,0,0
Riyan Parag,24,India,Batting All-Rounder,130,426,405,388,299,39.22,39.92,35.27,28.82,156.54,162.33,122.23,153.87,0,0,0,0,0,0,0,0
Mohammed Shami,36,India,Pace Bowler,180,64,47,26,17,8.01,8.81,13.18,6.26,82.2,93.4,93.54,89.35,28,23,18,28,6.88,9.43,7.68,7.99
Tilak Varma,23,India,Middle Order Batter,122,356,281,355,323,25.99,31.15,31.34,37.42,154.17,130.98,134.37,129.1,0,0,0,0,0,0,0,0
Varun Chakravarthy,35,India,Spin Bowler,150,2,27,69,90,16.19,14.53,11.41,9.38,97.23,102.42,115.56,109.06,22,18,25,15,7.13,7.58,6.78,7.44
Prince Yadav,25,India,Pace Bowler,60,35,19,33,6,4.31,12.22,15.98,11.31,81.45,80.01,123.75,110.69,11,7,5,14,9.19,9.28,6.83,8.67
Abhishek Sharma,26,India,Top Order Batter,120,657,502,730,508,36.36,36.78,25.29,34.77,169.82,186.4,156.33,148.17,0,0,0,0,0,0,0,0
Suryakumar Yadav,36,India,Middle Order Batter,300,821,655,1092,702,35.82,36.91,33.52,30.33,172.05,174.01,188.23,175.35,0,0,0,0,0,0,0,0
Sanju Samson,31,India,WK,220,619,890,655,419,24.17,23.44,28.09,37.13,150.03,121.53,150.72,153.26,0,0,0,0,0,0,0,0
Rinku Singh,29,India,Middle Order Batter,130,528,689,518,347,22.93,23.54,40.85,28.01,159.03,179.22,153.43,187.69,0,0,0,0,0,0,0,0
Vaibhav Suryavanshi,15,India,Top Order Batter,34,0,0,107,160,0,0,23.11,19.44,0,0,151.39,185.42,0,0,0,0,0,0,0,0
Jitesh Sharma,32,India,WK,100,413,469,470,289,35.59,25.9,35.91,27.09,164.89,128.35,121.44,136.82,0,0,0,0,0,0,0,0
Ravi Bishnoi,26,India,Spin Bowler,130,33,96,82,37,6.37,5.73,15.51,16.87,80.13,123.39,99.46,88.69,11,10,6,13,7.55,7.57,7.92,9.19
Avesh Khan,29,India,Pace Bowler,130,3,3,90,26,9.75,4.88,8.75,14.03,116.53,121.4,92.25,94.24,24,11,29,11,6.62,8.74,8.35,6.51
Ramandeep Singh,29,India,Batting All-Rounder,56,197,158,233,169,37.34,37.82,29.18,39.93,162.59,124.83,154.94,156.67,0,0,0,0,0,0,0,0
Suryansh Shedge,22,India,Batting All-Rounder,16,126,128,120,73,22.39,37.75,25.87,36.77,156.12,154.78,134.38,123.56,0,0,0,0,0,0,0,0
Mayank Yadav,24,India,Pace Bowler,20,16,22,25,7,6.24,6.25,6.92,5.86,98.35,99.19,98.95,100.74,10,3,15,14,7.95,6.72,9.42,7.2
Khaleel Ahmed,28,India,Pace Bowler,42,34,23,10,16,13.3,9.22,6.15,17.89,85.45,113.21,119.79,102.83,13,5,10,5,7.38,7.24,7.48,8.93
Tushar Deshpande,31,India,Pace Bowler,49,19,18,24,7,4.52,9.23,15.59,12.44,80.2,119.46,88.74,114.87,13,5,3,11,7.19,6.65,8.04,6.52
Ashok Sharma,25,India,Pace Bowler,48,24,8,0,7,12.68,7.57,0,8.37,89.79,106.97,0,89.15,7,10,6,12,6.92,7.11,8.53,8.14
Yash Thakur,26,India,Pace Bowler,12,16,26,17,1,15.14,9.57,4.72,14.73,109.88,92.2,113.54,116.1,4,15,13,10,8.1,8.5,7.74,7.67
Priyansh Arya,25,India,Top Order Batter,55,85,134,344,461,18.14,27.75,29.31,29.72,164.07,165.74,155.12,191.5,0,0,0,1,0,0,2,8.2
Digvesh Rathi,26,India,Spin Bowler,40,7,15,33,25,8.87,14.55,4.61,5.21,87.28,115.65,121.08,112.05,4,12,6,10,6.7,7.4,8.32,9.17
Kartik Sharma,21,India,WK,30,0,136,94,59,0,32.91,29.35,40.53,0,147.66,145.44,127.04,0,0,0,0,0,0,0,0
Prashant Veer,24,India,Bowling All-Rounder,30,81,138,130,63,23.93,18.99,18.92,32.39,152.62,145.31,157.72,144.75,0,0,0,0,0,0,0,0
Salil Arora,23,India,WK,48,216,179,208,185,33.58,27.34,22.29,29.17,133.87,136.54,120.16,140.11,0,0,0,0,0,0,0,0
Kumar Kushagra,21,India,WK,29,120,107,105,86,38.08,19.61,37.25,18.98,156.47,136.14,142.7,125.86,0,0,0,0,0,0,0,0
Harsh Dubey,24,India,Bowling All-Rounder,67,214,139,214,261,26.66,29.26,27.22,28.74,132.9,119.77,121.78,120.78,2,10,11,9,8.01,9.49,7.98,9.29
Auqib Nabi,25,India,Bowling All-Rounder,12,235,250,184,145,24.16,21.85,24.24,24.55,123.83,123.9,123.31,124.74,5,11,5,5,8.34,7.94,7.1,7.63
Mangesh Yadav,23,India,Pace Bowler,58,31,35,40,40,5.61,11.77,12.82,12.08,103.88,106.1,97.74,96.21,10,13,12,12,7.58,6.81,7.29,7.83
Tejasvi Dahiya,22,India,WK,19,109,114,137,90,40.99,25.44,40.28,35.93,133.34,163.47,160.31,129.97,0,0,0,0,0,0,0,0
Akshat Raghuwanshi,21,India,Top Order Batter,24,0,121,85,59,0,28.02,29.72,19.31,0,136.38,147.56,145.52,0,0,0,0,0,0,0,0
Ayush Mhatre,19,India,Top Order Batter,19,0,0,418,302,0,0,56.5,33.92,0,0,164.25,183.75,0,0,0,0,0,0,0,0
Sarthak Ranjan,23,India,Middle Order Batter,8,0,141,88,92,0,23.85,33.32,27.65,0,126.72,159.21,131.89,0,0,0,0,0,0,0,0
Sakib Hussain,21,India,Pace Bowler,6,0,26,37,21,0,11.87,14.27,9.68,0,95.76,91.18,90.7,0,10,14,3,0,7.83,6.63,8.84
Atharva Taide,24,India,Top Order Batter,8,108,108,123,80,33.76,30.44,27.97,19.53,128.88,148.92,147.59,148.17,0,0,0,0,0,0,0,0
Aman Mokhade,24,India,Middle Order Batter,64,210,193,159,186,29.47,28.48,33.73,24.27,144.23,161.05,127.89,148.98,0,0,0,0,0,0,0,0
Angkrish Raghuwanshi,24,India,WK,15,0,138,98,87,81,40.2,19.26,34.46,0,162.43,148.61,161.28,0,0,0,0,0,0,0,0
Prabhsimran Singh,26,India,WK,70,163,175,180,181,33.41,39.12,23.67,35.91,163.43,120.69,153.47,134.71,0,0,0,0,0,0,0,0
Brijesh Sharma,24,India,Pace Bowler,58,80,69,80,69,19.11,19,40,35,81.4,85.7,89.8,55.9,10,12,27,19,5.6,8.5,5.8,8.9
Travis Head,32,Australia,Top Order Batter,180,627,706,822,584,38.18,44.13,43.26,38.93,158.73,171.64,172.15,177.78,0,0,0,0,0,0,0,0
Steven Smith,37,Australia,Top Order Batter,180,475,487,417,286,31.67,32.47,29.79,28.6,132.31,134.53,137.17,139.51,0,0,0,0,0,0,0,0
Alex Carey,34,Australia,WK,120,271,336,421,237,28.54,30.55,32.38,29.63,124.88,132.81,139.39,137.57,0,0,0,0,0,0,0,0
Marnus Labuschagne,32,Australia,Top Order Batter,120,281,322,304,181,26.31,29.27,30.4,25.86,119.91,126.27,128.27,122.3,0,0,0,0,0,0,0,0
Cameron Green,27,Australia,Bowling All-Rounder,100,318,277,345,226,35.33,34.63,38.33,32.29,151.43,147.34,150.66,157.18,8,10,9,6,8.17,8.34,8.39,8.02
Mitchell Starc,36,Australia,Pace Bowler,160,41,27,18,12,10.25,9,6,6,106.41,96.43,85.71,100,20,24,19,15,8.02,8.11,8.32,8.52
Beau Webster,32,Australia,Bowling All-Rounder,100,316,339,404,367,31.6,37.67,36.73,40.78,132.77,142.44,147.98,151.03,7,8,12,9,8.26,8.04,8.19,8.13
Pat Cummins,33,Australia,Pace Bowler,100,54,71,49,33,13.5,14.2,12.25,11,117.39,129.09,106.52,110,18,16,12,11,7.84,8.01,8.29,8.22
Nathan Lyon,38,Australia,Spin Bowler,40,7,12,4,3,7,12,4,3,77.78,85.71,57.14,75,2,3,1,2,7.46,7.72,8.13,7.91
Mitchell Marsh,34,Australia,Bowling All-Rounder,180,548,611,627,552,34.25,38.19,39.19,36.8,140.51,151.49,150.36,154.19,8,10,7,6,8.34,8.12,8.78,8.4
Jake Weatherald,32,Australia,Top Order Batter,150,485,520,566,314,34.64,37.14,40.43,28.55,133.79,137.93,144.02,136.52,0,0,0,0,0,0,0,0
Josh Inglis,31,Australia,WK,150,452,512,684,541,31,32,38,36.07,142,145.45,157.97,158.77,0,0,0,0,0,0,0,0
Sam Konstas,20,Australia,Top Order Batter,32,0,0,225,286,0,0,25,28.6,0,0,143.31,155.43,0,0,0,0,0,0,0,0
Josh Hazlewood,35,Australia,Pace Bowler,130,25,12,18,8,8.33,6,9,8,92.59,85.71,94.74,88.89,21,19,22,21,7.34,7.51,7.92,8.03
Scott Boland,37,Australia,Pace Bowler,35,5,4,3,2,5,4,3,2,83.33,80,75,66.67,5,6,4,3,7.89,7.42,8.11,8.36
Michael Neser,36,Australia,Bowling All-Rounder,115,192,235,211,174,24,29.38,26.38,29,129.73,135.06,132.7,139.2,13,16,12,10,8.08,8.17,8.39,8.27
Nathan McSweeney,27,Australia,Middle Order Batter,65,144,274,201,146,24,30.44,28.71,24.33,112.5,123.42,126.58,129.2,0,0,0,0,0,0,0,0
Brendan Doggett,31,Australia,Pace Bowler,50,8,11,9,4,8,11,9,4,100,91.67,90,80,9,12,10,7,8.42,8.61,8.31,8.72
Matthew Renshaw,30,Australia,Middle Order Batter,150,401,429,486,324,30.85,31.36,34.71,32.4,126.1,132.41,137.29,135.85,2,1,1,0,8.8,9,9.15,0
Jhye Richardson,29,Australia,Pace Bowler,100,18,12,10,6,9,6,5,6,105.88,80,83.33,85.71,16,15,11,9,8.12,8.24,8.41,8.57
Matthew Kuhnemann,29,Australia,Spin Bowler,55,17,10,13,8,8.5,5,6.5,8,89.47,83.33,92.86,100,8,10,13,8,7.32,7.54,7.86,8.02
Cooper Connolly,22,Australia,Batting All-Rounder,55,219,314,342,247,27.38,31.4,28.5,27.44,128.82,137.72,142.5,147.02,5,9,10,6,7.28,7.14,7.76,7.88
Todd Murphy,25,Australia,Spin Bowler,20,5,9,7,2,5,9,7,2,71.43,90,77.78,66.67,4,6,4,3,7.71,7.83,8.16,8.25
Matthew Short,30,Australia,Batting All-Rounder,170,583,641,634,408,36.44,40.06,37.29,31.38,151.43,156.72,155.63,150.55,8,11,10,5,8.17,8.32,8.47,8.56
Aaron Hardie,27,Australia,Bowling All-Rounder,100,287,354,389,339,28.7,32.18,32.42,30.82,136.67,145.68,150.97,151.34,8,10,12,7,8.12,8.37,8.52,8.44
Sean Abbott,34,Australia,Bowling All-Rounder,170,337,365,314,206,24.07,25,22.43,20.6,145.26,148.57,143.38,139.19,18,21,17,13,8.52,8.62,8.71,8.48
Adam Zampa,34,Australia,Spin Bowler,180,42,31,27,19,14,10.33,9,9.5,108.97,103.33,100,105.56,24,22,27,19,7.54,7.82,7.91,8.03
Jake Fraser-McGurk,24,Australia,Top Order Batter,75,420,412,296,231,32.31,25.75,24.67,25.67,158.49,176.07,158.28,163.12,0,0,0,0,0,0,0,0
Glenn Maxwell,38,Australia,Batting All-Rounder,280,744,682,716,513,36,35.89,37.68,34.2,157.29,159.72,161.62,158.82,10,14,11,7,8.17,8.46,8.62,8.54
Oliver Peake,20,Australia,Middle Order Batter,12,0,0,42,78,0,0,21,26,0,0,121.74,139.29,0,0,0,0,0,0,0,
Nathan Ellis,31,Australia,Pace Bowler,100,23,19,18,10,11.5,9.5,9,10,121.05,111.76,112.5,111.11,15,20,17,12,8.02,7.84,8.16,8.28
Ben Dwarshuis,31,Australia,Pace Bowler,85,44,31,42,28,14.67,10.33,14,14,137.5,119.23,140,127.27,14,16,19,11,8.14,8.27,8.42,8.35
Xavier Bartlett,27,Australia,Pace Bowler,50,9,13,18,11,9,13,9,11,100,118.18,112.5,110,10,14,15,8,8.15,8.34,8.41,8.62
Mitchell Owen,25,Australia,Batting All-Rounder,60,108,244,421,304,18,30.5,35.08,30.4,138.46,155.41,172.54,164.86,4,7,8,4,8.45,8.67,8.81,8.58
Josh Philippe,29,Australia,WK,140,512,486,501,289,32,30.38,31.31,26.27,142.22,139.66,143.14,145.96,0,0,0,0,0,0,0,0
Will Sutherland,26,Australia,Bowling All-Rounder,90,187,231,267,201,26.71,28.88,29.67,28.71,126.35,133.14,139.42,136.73,9,12,14,8,8.17,8.33,8.45,8.31
Spencer Johnson,30,Australia,Pace Bowler,55,8,14,18,7,8,7,9,7,88.89,100,112.5,87.5,9,11,13,8,8.48,8.62,8.74,8.91
Mitchell Stoinis,37,Australia,Batting All-Rounder,280,646,588,533,382,32.3,34.59,31.35,27.29,150.12,149.24,144.29,143.61,8,7,10,5,8.75,9.01,8.81,8.67
Tanveer Sangha,24,Australia,Spin Bowler,60,12,18,13,6,6,9,6.5,6,85.71,100,92.86,85.71,8,12,14,9,7.84,8.02,8.18,8.36
Riley Meredith,30,Australia,Pace Bowler,100,13,8,6,4,6.5,4,6,4,100,88.89,85.71,80,13,14,12,7,8.51,8.73,8.84,8.92
Liam Scott,25,Australia,Batting All-Rounder,55,164,204,232,310,20.5,25.5,29,34.44,126.15,133.33,137.28,142.2,6,8,11,7,8.16,8.33,8.52,8.47
Lance Morris,28,Australia,Pace Bowler,35,4,2,3,1,4,2,3,1,80,66.67,75,50,5,7,8,5,8.61,8.73,8.84,8.92
Billy Stanlake,31,Australia,Pace Bowler,50,17,11,7,3,8.5,5.5,3.5,3,100,91.67,77.78,75,8,9,5,2,8.78,9.01,9.14,9.32
Tim David,30,Australia,Middle Order Batter,140,514,548,571,413,32.13,34.25,33.59,34.42,158.15,166.97,165.51,173.53,0,0,0,0,0,0,0,0
Marcus Stoinis,37,Australia,Batting All-Rounder,280,646,588,533,382,32.3,34.59,31.35,27.29,150.12,149.24,144.29,143.61,8,7,10,5,8.75,9.01,8.81,8.67
Matthew Wade,38,Australia,WK,250,511,416,207,91,28.39,27.73,20.7,18.2,136.99,143.45,132.69,121.33,0,0,0,0,0,0,0,0
Nikhil Chaudhary,30,Australia,Batting All-Rounder,70,183,235,263,307,26.14,29.38,29.22,30.7,137.59,144.17,151.15,155.05,8,10,12,8,8.32,8.45,8.67,8.53
Joel Davies,22,Australia,Middle Order Batter,18,0,37,86,102,0,18.5,21.5,25.5,0,123.33,134.38,141.67,0,0,0,0,0,0,0,0
Jack Edwards,26,Australia,Batting All-Rounder,70,172,215,249,187,24.57,26.88,31.13,26.71,123.74,135.22,139.33,131.69,5,7,9,5,8.12,8.41,8.52,8.46
Jason Behrendorff,36,Australia,Pace Bowler,120,12,8,10,4,6,4,5,4,92.31,88.89,90.91,80,18,21,16,10,7.52,7.71,7.84,8.11
Mahli Beardman,20,Australia,Pace Bowler,15,1,4,7,5,1,4,7,5,50,80,100,83.33,2,5,6,4,7.91,8.12,8.34,8.51
Ashton Agar,32,Australia,Spin Bowler,100,94,74,43,16,18.8,18.5,14.33,8,111.9,105.71,96.67,88.89,9,12,8,4,7.62,7.91,8.15,8.37
Riley Meredith,30,Australia,Pace Bowler,100,13,8,6,4,6.5,4,6,4,100,88.89,85.71,80,13,14,12,7,8.51,8.73,8.84,8.92
Henry Hunt,28,Australia,Top Order Batter,45,116,152,143,119,29,30.4,28.6,29.75,121.05,128.81,125.44,130.77,0,0,0,0,0,0,0,0
Liam Scott,25,Australia,Batting All-Rounder,55,164,204,232,310,20.5,25.5,29,34.44,126.15,133.33,137.28,142.2,6,8,11,7,8.16,8.33,8.52,8.47
Nathan McAndrew,31,Australia,Bowling All-Rounder,85,132,158,177,142,22,26.33,25.29,23.67,121.1,132.77,135.11,128.83,11,14,15,9,8.21,8.38,8.51,8.42
Jordan Buckingham,25,Australia,Pace Bowler,30,4,9,13,8,4,9,13,8,80,100,108.33,88.89,4,7,8,5,8.32,8.54,8.73,8.91
Henry Thornton,30,Australia,Pace Bowler,60,6,9,12,5,6,9,12,5,75,100,109.09,83.33,10,12,9,6,8.17,8.42,8.63,8.74
Jake Lehmann,33,Australia,Middle Order Batter,65,168,183,155,92,24,26.14,25.83,23,125.37,131.65,128.1,120,0,0,0,0,0,0,0,0
Sam Elliott,24,Australia,Pace Bowler,22,0,7,12,9,0,7,12,9,0,87.5,100,90,5,8,6,5,8.34,8.62,8.75,8.91
Fergus O'Neill,25,Australia,Pace Bowler,40,3,6,8,5,3,6,8,5,75,85.71,88.89,83.33,7,10,12,7,8.01,8.24,8.42,8.57
Corey Rocchiccioli,29,Australia,Spin Bowler,45,11,8,14,5,5.5,4,7,5,78.57,80,93.33,83.33,9,11,13,7,7.84,8.02,8.28,8.46
Liam Hatcher,29,Australia,Pace Bowler,55,4,8,11,5,4,8,11,5,80,100,110,83.33,9,13,10,6,8.42,8.61,8.77,8.94
Cameron Gannon,35,Australia,Pace Bowler,40,8,6,5,3,8,6,5,3,88.89,75,83.33,60,6,8,7,4,8.37,8.55,8.71,8.88
Jason Sangha,27,Australia,Middle Order Batter,75,234,276,248,167,27.53,30.67,27.56,23.86,121.88,133.98,130.18,128.46,0,0,0,0,0,0,0,0
Ben Kellaway,21,Australia,Batting All-Rounder,25,0,58,96,113,0,19.33,24,28.25,0,117.17,133.33,144.87,0,1,3,5,8.32,8.47,8.61,8.52
Mackenzie Harvey,25,Australia,WK,75,287,302,241,156,25.18,27.45,24.1,22.29,125.11,133.63,128.19,131.09,0,0,0,0,0,0,0,0
Campbell Kellaway,24,Australia,Top Order Batter,45,104,148,196,175,20.8,24.67,28,29.17,119.54,128.7,137.06,140.56,0,0,0,0,0,0,0,0
Harry Nielsen,30,Australia,WK,80,231,264,282,193,28.88,29.33,31.33,27.57,128.33,134.01,136.56,132.41,0,0,0,0,0,0,0,0
Matthew Gilkes,27,Australia,WK,90,317,352,325,212,28.82,32,27.08,26.5,131.54,137.25,132.11,134.18,0,0,0,0,0,0,0,0
Ben Manenti,29,Australia,Bowling All-Rounder,55,93,121,137,104,18.6,24.2,22.83,20.8,119.23,127.37,132.69,125.3,8,12,10,7,7.85,8.03,8.29,8.44
Joe Root,35,England,Batting All-Rounder,62,310,180,335,290,31,30,33.5,29,136,128,139,132,4,3,5,2,7.4,7.8,7.5,7.9
Harry Brook,27,England,Top Order Batter,104,820,780,1120,760,31.5,34.8,38.6,36.2,151,148,156,153,2,1,3,1,8.1,8,8.2,8.3
Ben Duckett,31,England,Top Order Batter,164,720,1010,980,840,28.8,31.6,30.6,30,143,148,151,150,0,0,0,0,0,0,0,0
Ollie Pope,28,England,Top Order Batter,91,410,390,470,330,25.6,26,27.6,25.4,126,132,135,129,1,0,0,0,8,8.2,8.4,8.1
Jamie Smith,25,England,WK,63,310,520,720,610,25.8,32.5,36,35.9,143,151,158,155,0,0,0,0,0,0,0,0
Zak Crawley,28,England,Top Order Batter,86,390,560,520,460,24.4,29.5,27.4,28.8,129,137,141,139,0,0,0,0,0,0,0,0
Jacob Bethell,22,England,Batting All-Rounder,69,360,580,760,690,25.7,32.2,34.5,36.3,145,154,159,161,18,22,25,19,8.4,8.2,8,8.5
Gus Atkinson,28,England,Pace Bowler,77,45,60,80,55,15,15,16,13.8,118,125,130,128,48,52,61,44,8.2,8,7.8,8.3
Brydon Carse,31,England,Pace Bowler,82,120,150,170,110,20,21.4,21.2,18.3,136,142,145,139,55,61,69,48,8.8,8.5,8.4,8.9
Chris Woakes,37,England,Bowling All-Rounder,162,250,210,180,120,22.7,23.3,22.5,20,128,132,135,130,30,28,24,17,7.7,7.8,7.9,8
Jonny Bairstow,37,England,WK,185,740,510,680,390,27.4,24.3,30.9,26,145,151,154,149,0,0,0,0,0,0,0,0
Ben Foakes,33,England,WK,103,280,330,410,250,21.5,25.4,27.3,25,119,126,129,124,0,0,0,0,0,0,0,0
Tom Hartley,27,England,Spin Bowler,54,65,90,80,45,16.3,18,16,15,118,121,125,120,38,42,35,21,7.5,7.3,7.6,7.8
Will Jacks,27,England,Batting All-Rounder,139,960,1120,1350,940,28.2,31.1,33.8,29.4,164,168,172,166,25,21,30,18,8.2,8,7.9,8.4
Emilio Gay,29,England,Middle Order Batter,74,520,650,720,610,27.4,30.9,32.7,30.5,136,140,145,142,0,0,0,0,0,0,0,0
Jofra Archer,31,England,Pace Bowler,94,55,40,70,45,13.8,13.3,17.5,15,120,125,131,128,48,36,57,34,7.6,8,7.7,8.1
Dan Lawrence,29,England,Batting All-Rounder,119,620,730,860,710,25.8,30.4,32,29.6,130,138,143,139,8,7,10,6,7.9,8,7.8,8.2
Shoaib Bashir,22,England,Spin Bowler,47,30,40,55,35,10,13.3,13.8,11.7,100,112,118,110,28,36,45,25,7.2,7,7.3,7.6
Rehan Ahmed,21,England,Spin Bowler,76,230,310,420,350,19.2,22.1,26.3,23.3,131,137,144,141,34,42,51,37,8.1,7.9,7.7,8
Ollie Robinson,27,England,Pace Bowler,51,35,50,65,45,11.7,12.5,16.3,15,105,115,120,116,28,34,39,25,8.3,8,7.9,8.4
Mark Wood,36,England,Pace Bowler,91,25,30,45,20,8.3,10,15,10,108,112,121,115,38,31,42,25,8.7,8.8,8.4,8.9
Matthew Potts,27,England,Pace Bowler,68,80,105,130,95,20,21,21.7,19,125,130,134,129,34,41,47,31,8.1,7.9,8,8.3
Jack Leach,35,England,Spin Bowler,111,70,55,40,25,14,13.8,13.3,12.5,108,111,116,110,43,38,31,18,7.2,7.5,7.7,7.9
Jordan Cox,25,England,WK,89,510,700,920,800,25.5,31.8,35.4,34.8,137,145,151,153,0,0,0,0,0,0,0,0
Matthew Fisher,29,England,Pace Bowler,61,45,55,75,50,11.3,13.8,18.8,16.7,112,117,123,119,29,35,43,27,8,7.8,7.9,8.2
Josh Tongue,28,England,Pace Bowler,51,20,35,45,30,10,11.7,15,15,100,112,120,115,25,31,38,22,8.5,8.1,8,8.4
Olly Stone,32,England,Pace Bowler,72,30,40,55,35,10,13.3,18.3,17.5,109,115,123,118,37,43,49,29,8.5,8.1,8,8.4
James Rew,22,England,WK,45,260,430,610,520,23.6,28.7,32.1,30.6,128,137,145,142,0,0,0,0,0,0,0,0
Liam Dawson,36,England,Bowling All-Rounder,225,610,720,690,560,25.4,28.8,27.6,26.7,126,132,136,130,38,42,35,29,7,7.1,7.3,7.5
James Anderson,44,England,Pace Bowler,44,0,0,0,0,0,0,0,0,0,0,0,0,2,1,0,0,7,7.2,0,0
Jamie Overton,32,England,Bowling All-Rounder,125,390,480,560,430,21.7,24,26.7,23.9,151,156,160,154,42,48,51,37,8.4,8.2,8.1,8.5
Josh Hull,22,England,Pace Bowler,29,10,25,40,35,5,8.3,10,11.7,100,108,116,119,16,22,31,25,8.8,8.4,8.1,8.5
Sonny Baker,21,England,Pace Bowler,37,20,35,55,45,10,11.7,13.8,15,112,119,126,123,18,25,34,27,8.2,8,7.8,8.1
Sam Cook,28,England,Pace Bowler,71,35,50,65,45,11.7,12.5,16.3,15,105,111,119,115,34,42,48,31,7.4,7.2,7.5,7.8
Jos Buttler,35,England,WK,240,1150,980,1180,820,34.8,32.7,36.9,34.2,151,157,158,155,0,0,0,0,0,0,0,0
Liam Livingstone,33,England,Batting All-Rounder,205,1050,1200,1320,950,29.2,32.4,34.7,31.7,158,166,170,164,30,25,34,22,8.3,8.1,8,8.5
Phil Salt,30,England,WK,190,1200,1320,1450,1050,32.4,35.7,37.2,34,160,165,170,167,0,0,0,0,0,0,0,0
Sam Curran,28,England,Bowling All-Rounder,213,820,910,1010,760,27.3,29.4,31.6,27.1,138,144,149,143,36,39,42,31,8.4,8.2,8.1,8.5
Adil Rashid,38,England,Spin Bowler,310,120,110,95,70,12,11,10.6,10,95,98,102,99,48,52,45,32,7.2,7,7.3,7.5
Dan Mousley,25,England,Batting All-Rounder,82,420,590,760,650,24.7,29.5,34.5,32.5,138,148,154,151,18,23,27,21,7.9,7.7,7.8,8.1
Tom Banton,28,England,WK,122,700,850,1020,780,25,30.4,34,30,145,151,157,152,0,0,0,0,0,0,0,0
Saqib Mahmood,29,England,Pace Bowler,79,30,45,65,50,10,11.3,16.3,16.7,112,118,125,121,34,39,48,34,8.3,8,7.9,8.3
Luke Wood,30,England,Pace Bowler,132,70,80,100,70,11.7,11.4,14.3,11.7,127,132,136,130,42,47,51,38,8.2,8,8.1,8.4
Josh Turner,24,England,Pace Bowler,31,15,25,40,30,7.5,12.5,13.3,15,105,114,121,118,12,19,27,22,8.4,8.1,8,8.3
Reece Topley,32,England,Pace Bowler,104,45,55,70,50,11.3,13.8,17.5,16.7,110,116,124,119,39,43,51,35,7.8,7.7,7.9,8.2
Chris Jordan,37,England,Pace Bowler,290,390,420,450,330,19.5,20,20.5,18.3,140,144,149,145,40,45,47,35,8.7,8.5,8.4,8.8
Aneurin Donald,29,England,Top Order Batter,26,120,250,390,320,17.1,25,30,26.7,112,129,137,134,0,0,0,0,0,0,0,0
Rocky Flintoff,20,England,Middle Order Batter,18,70,180,310,260,14,22.5,31,28.9,110,125,139,136,0,0,0,0,0,0,0,0
Archie Vaughan,21,England,Batting All-Rounder,24,130,240,370,310,16.3,24,28.5,25.8,118,132,142,138,5,9,14,10,8,7.8,7.7,8.1
Farhan Ahmed,19,England,Spin Bowler,18,10,35,60,45,5,8.8,12,11.3,90,105,118,112,8,15,24,19,7.8,7.5,7.4,7.8
Henry Crocombe,24,England,Pace Bowler,28,15,25,45,35,7.5,8.3,11.3,11.7,105,110,118,114,15,22,30,23,8.1,7.9,7.8,8.2
Tom Rew,21,England,WK,20,90,180,300,250,15,22.5,30,27.8,112,125,139,135,0,0,0,0,0,0,0,0
Alex Horton,23,England,WK,17,75,160,280,230,15,20,28,25.6,110,123,137,133,0,0,0,0,0,0,0,0
Ben Geddes,24,England,Top Order Batter,36,180,330,470,390,18,23.6,29.4,27.9,120,134,145,140,0,0,0,0,0,0,0,0
Luc Benkenstein,21,England,Batting All-Rounder,22,90,190,330,280,15,21.1,30,25.5,116,128,145,138,6,12,17,12,8.2,7.9,7.8,8.2
George Thomas,24,England,Top Order Batter,43,240,420,560,430,20,26.3,31.1,26.9,126,139,147,141,0,0,0,0,0,0,0,0
James Coles,22,England,Batting All-Rounder,31,150,260,420,350,16.7,23.6,30,26.9,120,132,146,140,8,13,19,14,8.5,8.2,8,8.4
George Bell,23,England,WK,34,170,300,450,360,18.9,25,30,27.7,121,135,146,141,0,0,0,0,0,0,0,0
Jack Carson,25,England,Spin Bowler,38,30,55,80,60,10,13.8,16,15,105,115,123,118,21,29,38,28,7.4,7.2,7.5,7.8
Jack Haynes,25,England,Top Order Batter,73,420,560,700,570,23.3,28,31.8,28.5,129,139,148,143,0,0,0,0,0,0,0,0
George Hill,27,England,Batting All-Rounder,61,300,430,610,500,20,26.9,30.5,27.8,126,138,149,143,12,17,22,16,8.1,7.9,7.8,8.2
John Turner,23,England,Pace Bowler,29,15,30,50,40,7.5,10,12.5,13.3,105,112,120,116,14,22,30,24,8.6,8.2,8,8.4
Mominul Haque,34,Bangladesh,Top Order Batter,98,420,380,410,290,25.3,23.8,25.6,24.2,118,121,124,122,0,0,0,0,0,0,0,0
Najmul Hossain Shanto,27,Bangladesh,Middle Order Batter,118,850,920,1080,720,28.3,30.7,33.8,32.7,129,134,139,137,0,0,0,0,0,0,0,0
Mushfiqur Rahim,39,Bangladesh,WK,190,720,650,590,310,27.7,26,26.8,25.8,126,129,132,128,0,0,0,0,0,0,0,0
Mehidy Hasan Miraz,28,Bangladesh,Bowling All-Rounder,168,540,610,720,590,23.5,26.5,30,29.5,128,134,139,136,48,52,55,42,7.1,7,7.2,7.4
Litton Das,31,Bangladesh,WK,210,1050,980,1120,760,30,29.7,32.9,31.7,143,147,151,148,0,0,0,0,0,0,0,0
Shadman Islam,30,Bangladesh,Top Order Batter,64,280,340,460,330,21.5,24.3,30.7,27.5,112,118,127,123,0,0,0,0,0,0,0,0
Mahmudul Hasan Joy,25,Bangladesh,Middle Order Batter,72,340,420,510,380,24.3,28,30,27.1,119,125,132,128,0,0,0,0,0,0,0,0
Taijul Islam,34,Bangladesh,Spin Bowler,103,95,80,75,55,13.6,12.3,13.8,11,91,94,97,93,58,52,48,32,6.9,7.1,7.2,7.5
Jaker Ali,28,Bangladesh,WK,67,390,520,690,570,22.9,28.9,34.5,31.7,128,139,148,145,0,0,0,0,0,0,0,0
Zakir Hasan,28,Bangladesh,Middle Order Batter,61,310,390,480,350,22.1,26,30,25,115,121,128,125,0,0,0,0,0,0,0,0
Hasan Mahmud,27,Bangladesh,Pace Bowler,83,65,85,105,80,13,14.2,15,13.3,111,116,122,119,45,49,57,41,8,7.8,7.7,8.1
Shakib Al Hasan,39,Bangladesh,Batting All-Rounder,310,920,760,580,0,28.8,27.1,25.2,0,137,141,139,0,38,34,29,0,7.2,7.3,7.5,0
Tanzid Hasan,25,Bangladesh,Top Order Batter,82,620,750,980,720,24.8,30,37.7,32.7,132,141,151,147,0,0,0,0,0,0,0,0
Taskin Ahmed,31,Bangladesh,Pace Bowler,148,90,105,120,75,12.9,13.1,15,12.5,104,109,115,111,51,48,63,44,7.8,7.7,7.5,7.9
Shahadat Hossain,24,Bangladesh,Middle Order Batter,37,150,250,390,310,15,22.7,30,28.2,111,125,137,134,0,0,0,0,0,0,0,0
Shoriful Islam,25,Bangladesh,Pace Bowler,104,55,70,90,65,11,11.7,15,13,108,113,119,115,52,48,57,40,8.1,7.9,7.8,8.2
Nayeem Hasan,25,Bangladesh,Spin Bowler,51,45,60,75,50,11.3,12,15,12.5,95,101,108,103,28,34,39,25,7.4,7.2,7.3,7.6
Anamul Haque,33,Bangladesh,WK,143,620,590,540,360,25.8,25.7,24.5,22.5,126,130,133,128,0,0,0,0,0,0,0,0
Ebadat Hossain,32,Bangladesh,Pace Bowler,45,10,20,30,20,5,6.7,10,10,80,91,105,100,19,23,28,19,8.2,8,7.9,8.3
Khaled Ahmed,33,Bangladesh,Pace Bowler,71,20,30,45,35,6.7,7.5,11.3,11.7,88,96,108,104,28,34,42,29,8.5,8.2,8.1,8.5
Tanzim Hasan Sakib,23,Bangladesh,Pace Bowler,74,75,95,125,95,15,19,20.8,19,128,137,145,141,32,38,47,34,7.7,7.5,7.6,8
Mahidul Islam Ankon,25,Bangladesh,WK,45,180,290,430,350,15,24.2,30.7,29.2,112,128,141,137,0,0,0,0,0,0,0,0
Amite Hasan,25,Bangladesh,Middle Order Batter,31,125,210,330,280,13.9,21,27.5,25.5,108,119,135,131,0,0,0,0,0,0,0,0
Hasan Murad,24,Bangladesh,Spin Bowler,38,20,40,70,55,6.7,10,14,13.8,91,103,114,110,17,25,34,26,7.8,7.5,7.4,7.8
Nahid Rana,23,Bangladesh,Pace Bowler,64,20,30,45,35,10,10,11.3,11.7,100,106,115,111,31,43,55,39,8.2,7.8,7.7,8
Towhid Hridoy,25,Bangladesh,Top Order Batter,105,610,780,1050,820,23.5,30,35,32.8,132,143,151,148,2,3,4,2,8,7.8,7.9,8.1
Soumya Sarkar,33,Bangladesh,Batting All-Rounder,180,850,790,720,520,25.8,24.7,24,23.6,135,139,142,138,18,15,21,13,8.3,8.1,8.2,8.5
Mahmudullah,40,Bangladesh,Batting All-Rounder,250,960,840,610,0,28.2,27.1,25.4,0,127,132,136,0,12,10,8,0,7.5,7.6,7.8,0
Saif Hassan,27,Bangladesh,Top Order Batter,82,310,450,620,510,20.7,28.1,31,28.3,121,133,143,139,0,0,0,0,0,0,0,0
Rishad Hossain,23,Bangladesh,Spin Bowler,91,320,470,650,520,20,26.1,32.5,28.9,145,157,168,162,28,39,51,38,8,7.7,7.5,7.9
Mosaddek Hossain,30,Bangladesh,Batting All-Rounder,137,580,610,690,430,23.2,26.5,30,23.9,126,132,137,133,15,18,22,14,7.6,7.4,7.7,8
Nurul Hasan,33,Bangladesh,WK,148,480,540,610,450,21.8,24.5,27.7,25,124,131,137,134,0,0,0,0,0,0,0,0
Afif Hossain,26,Bangladesh,Batting All-Rounder,132,720,610,550,390,25.7,24.4,23.9,21.7,132,137,141,136,16,13,17,10,8,7.8,8.1,8.4
Parvez Hossain Emon,24,Bangladesh,WK,65,410,560,760,620,25.6,31.1,36.2,34.4,137,146,156,152,0,0,0,0,0,0,0,0
Shamim Hossain,25,Bangladesh,Batting All-Rounder,76,390,520,700,580,21.7,27.4,35,32.2,135,145,157,153,12,16,21,16,8.3,8,7.9,8.2
Tanvir Islam,29,Bangladesh,Spin Bowler,72,50,70,90,65,10,11.7,15,13,93,101,108,104,35,43,52,39,6.8,6.9,7.1,7.4
Mustafizur Rahman,30,Bangladesh,Pace Bowler,205,120,95,110,75,13.3,11.9,13.8,12.5,107,111,115,110,61,55,67,48,7.7,7.5,7.4,7.8
Nasum Ahmed,32,Bangladesh,Spin Bowler,139,110,95,105,70,12.2,11.9,13.1,11.7,99,102,106,103,48,46,53,38,7,7.1,7.2,7.5
Mahedi Hasan,31,Bangladesh,Batting All-Rounder,153,520,650,780,620,22.6,27.1,32.5,29.5,130,141,153,149,45,48,53,40,7.3,7.1,7.2,7.5
Mohammad Saifuddin,29,Bangladesh,Bowling All-Rounder,111,420,480,520,410,21,24,26,23.4,132,139,145,141,38,42,47,35,8.2,8,7.9,8.3
Yasir Ali Chowdhury,30,Bangladesh,Middle Order Batter,83,390,420,510,390,22.9,25.2,28.3,26,118,124,133,129,0,0,0,0,0,0,0,0
Mohammad Naim,26,Bangladesh,Top Order Batter,108,690,720,610,450,25.6,28.8,26.5,25,129,135,139,134,0,0,0,0,0,0,0,0
Abdul Gaffar Saqlain,24,Bangladesh,Bowling All-Rounder,18,70,110,180,150,17.5,22,30,25,120,132,145,140,7,12,18,14,8,7.7,7.8,8.1
Ripon Mondol,23,Bangladesh,Pace Bowler,29,15,25,45,35,7.5,8.3,11.3,11.7,102,109,117,113,14,22,31,24,8.1,7.8,7.7,8.1
Musfik Hasan,22,Bangladesh,Pace Bowler,24,10,20,35,30,5,6.7,8.8,10,90,101,110,106,10,17,25,19,8.5,8.1,8,8.4
Pritom Kumar,22,Bangladesh,WK,28,120,230,390,320,12,23,30,26.7,110,127,141,137,0,0,0,0,0,0,0,0
Jishan Alam,24,Bangladesh,Top Order Batter,31,150,270,410,330,15,22.5,29.3,27.5,116,130,144,139,0,0,0,0,0,0,0,0
Rejaur Rahman Raja,25,Bangladesh,Pace Bowler,33,20,35,55,45,6.7,8.8,11,11.3,91,103,112,108,14,21,29,23,8.3,8,7.9,8.3
A. G. Saqlain,24,Bangladesh,Bowling All-Rounder,18,70,110,180,150,17.5,22,30,25,120,132,145,140,7,12,18,14,8,7.7,7.8,8.1
Nasum Ahmed Jr,21,Bangladesh,Spin Bowler,19,15,30,55,40,7.5,10,13.8,10,88,99,111,106,9,15,23,17,7.9,7.6,7.5,7.9
Najmul Hossain Apu,27,Bangladesh,Spin Bowler,27,20,35,60,45,6.7,8.8,12,11.3,91,101,113,109,12,19,27,21,7.7,7.4,7.5,7.8
Akbar Ali,25,Bangladesh,WK,34,190,310,470,390,19,25.8,31.3,27.9,119,132,145,141,0,0,0,0,0,0,0,0
Andy McBrine,33,Ireland,Bowling All-Rounder,119,420,510,620,470,23.3,26.8,31,27.6,119,126,135,131,32,38,45,34,7.4,7.2,7.3,7.6
Lorcan Tucker,30,Ireland,WK,112,620,710,850,690,24.8,28.4,32.7,30,126,135,143,140,0,0,0,0,0,0,0,0
Paul Stirling,35,Ireland,Top Order Batter,360,1850,1720,1600,1120,30.3,29.2,28.6,28,139,143,146,141,18,15,12,8,8,8.1,8.3,8.5
Mark Adair,30,Ireland,Bowling All-Rounder,165,760,720,690,480,25.3,25.7,26.5,24,139,145,148,143,48,51,54,37,8.2,8,8.1,8.4
Andrew Balbirnie,35,Ireland,Top Order Batter,210,1080,1150,1030,710,29.2,31.1,30.3,29.6,124,130,135,132,0,0,0,0,0,0,0,0
Curtis Campher,27,Ireland,Bowling All-Rounder,138,620,760,890,650,24.8,30.4,35.6,32.5,130,140,148,144,38,43,51,35,8,7.8,7.7,8.1
Jordan Neill,24,Ireland,Pace Bowler,41,20,35,55,40,6.7,8.8,11,10,93,103,112,108,18,25,34,24,8.1,7.8,7.7,8.1
Harry Tector,26,Ireland,Middle Order Batter,157,820,1010,1250,920,28.3,32.6,38,35.4,128,136,145,141,3,2,3,2,8,8.2,8.1,8.4
Stephen Doheny,26,Ireland,WK,48,290,420,590,460,20.7,26.3,34.7,30.7,130,141,153,148,0,0,0,0,0,0,0,0
Peter Moor,35,Ireland,WK,104,390,430,380,210,20.5,21.5,23.8,21,119,124,129,125,0,0,0,0,0,0,0,0
Cade Carmichael,24,Ireland,Middle Order Batter,48,260,390,570,490,20,28,35.6,32.7,122,134,148,143,0,0,0,0,0,0,0,0
Barry McCarthy,33,Ireland,Pace Bowler,122,80,105,120,80,13.3,17.5,20,16,109,116,124,119,51,56,63,43,7.8,7.7,7.6,8
Matthew Humphreys,23,Ireland,Spin Bowler,55,35,55,80,60,8.8,11,16,12,99,107,116,111,27,35,44,31,7.1,7,7.2,7.5
Gavin Hoey,23,Ireland,Spin Bowler,52,100,150,240,190,12.5,18.8,30,23.8,118,129,148,141,20,29,39,28,7.6,7.3,7.2,7.6
Craig Young,34,Ireland,Pace Bowler,101,35,50,65,45,8.8,10,13,11.3,101,110,118,113,43,48,55,38,7.9,7.8,7.7,8.1
Liam McCarthy,27,Ireland,Pace Bowler,47,25,40,65,50,8.3,10,13,12.5,101,110,119,114,22,30,40,29,8,7.7,7.6,8
Tom Mayes,24,Ireland,Pace Bowler,36,20,35,60,50,6.7,8.8,12,12.5,96,106,117,112,16,23,32,25,8.2,7.8,7.7,8.1
Reuben Wilson,21,Ireland,Pace Bowler,31,40,70,130,100,10,17.5,26,20,110,123,139,134,10,17,27,21,8,7.6,7.5,7.9
Fionn Hand,28,Ireland,Pace Bowler,89,45,65,90,60,9,13,15,12,105,113,121,116,34,43,51,35,8,7.8,7.7,8.1
George Dockrell,33,Ireland,Batting All-Rounder,164,620,680,720,500,23,26.2,28.8,25,119,126,132,128,20,23,27,18,7.5,7.3,7.4,7.7
Josh Little,26,Ireland,Pace Bowler,104,45,55,70,50,11.3,13.8,17.5,16.7,111,117,124,120,51,44,57,39,7.7,7.9,7.6,8
Ross Adair,31,Ireland,Top Order Batter,76,520,690,880,700,27.4,32.9,38.3,35,141,151,161,157,0,0,0,0,0,0,0,0
Gareth Delany,29,Ireland,Batting All-Rounder,112,570,650,720,550,22.8,27.1,30,27.5,137,145,151,147,22,26,31,21,8.1,7.8,7.7,8.1
Ben Calitz,25,Ireland,Middle Order Batter,38,230,350,520,430,19.2,25,34.7,30.7,122,133,149,143,0,0,0,0,0,0,0,0
Tim Tector,23,Ireland,Top Order Batter,41,180,310,480,390,15,22.1,32,27.9,116,129,144,139,0,0,0,0,0,0,0,0
Neil Rock,25,Ireland,WK,61,280,360,470,370,20,24,31.3,28.5,120,131,143,139,0,0,0,0,0,0,0,0
Graham Hume,35,Ireland,Pace Bowler,112,40,55,75,50,10,13.8,18.8,12.5,104,112,121,116,46,51,60,40,7.6,7.5,7.4,7.9
Ben White,27,Ireland,Spin Bowler,71,55,70,90,60,13.8,17.5,22.5,15,102,109,117,112,32,40,48,34,7.1,7,7.2,7.5
Jai Moondra,23,Ireland,Pace Bowler,27,15,25,45,35,7.5,8.3,11.3,11.7,100,108,116,112,11,17,25,20,8,7.7,7.6,8
Matt Hollard,23,Ireland,Batting All-Rounder,29,80,150,260,210,13.3,21.4,32.5,26.3,115,128,145,139,6,11,18,14,8.1,7.8,7.7,8.1
Jake Egan,22,Ireland,Top Order Batter,24,110,210,330,280,11,21,33,28,112,126,143,138,0,0,0,0,0,0,0,0
Sam Topping,23,Ireland,Top Order Batter,34,140,250,420,340,11.7,20.8,35,28.3,118,130,147,141,0,0,0,0,0,0,0,0
Cian Carmichael,24,Ireland,Middle Order Batter,18,60,120,210,170,10,17.1,30,24.3,111,123,139,134,0,0,0,0,0,0,0,0
Chris de Freitas,25,Ireland,Top Order Batter,25,90,160,270,220,12.9,20,30,24.4,115,127,141,136,0,0,0,0,0,0,0,0
Morgan Topping,22,Ireland,Middle Order Batter,32,130,240,410,330,13,21.8,34.2,27.5,119,132,149,143,0,0,0,0,0,0,0,0
Theo van Woerkom,30,Ireland,Pace Bowler,54,25,40,60,45,8.3,10,15,11.3,100,109,118,113,22,29,36,25,7.8,7.5,7.6,8
Gavin Roulston,23,Ireland,Middle Order Batter,28,100,190,310,260,10,19,31,28.9,115,128,143,138,0,0,0,0,0,0,0,0
Matthew Foster,26,Ireland,Pace Bowler,38,20,35,55,45,6.7,8.8,11,11.3,98,106,115,111,19,27,35,26,7.9,7.7,7.6,8
Seamus Lynch,24,Ireland,WK,31,130,240,390,310,13,21.8,32.5,28.2,117,131,146,141,0,0,0,0,0,0,0,0
Scott Macbeth,25,Ireland,Pace Bowler,22,15,30,50,40,7.5,10,12.5,13.3,97,105,113,109,9,16,24,18,8.1,7.8,7.7,8.1
James West,23,Ireland,Top Order Batter,26,110,200,330,270,11,20,33,27,116,129,145,139,0,0,0,0,0,0,0,0
Adam Leckey,21,Ireland,Pace Bowler,20,10,20,40,35,5,6.7,10,11.7,94,103,112,108,8,14,22,17,8.3,8,7.8,8.2
Sebastian Dijkstra,22,Ireland,Top Order Batter,17,70,140,240,190,8.8,17.5,30,23.8,109,122,138,133,0,0,0,0,0,0,0,0
Luke Murray,23,Ireland,WK,21,80,170,290,240,8.9,18.9,29,26.7,110,124,140,135,0,0,0,0,0,0,0,0
Adithya Ashok,23,New Zealand,Spin Bowler,34,20,35,55,45,10,11.7,13.8,11.3,92,101,111,107,18,24,31,23,7.6,7.4,7.5,7.8
Adam Milne,34,New Zealand,Pace Bowler,205,45,55,70,40,11.3,13.8,17.5,13.3,109,115,122,117,65,58,61,38,8.2,8,7.8,8.2
Ajaz Patel,37,New Zealand,Spin Bowler,87,35,30,25,15,8.8,7.5,8.3,7.5,89,91,95,92,35,31,28,17,7.3,7.1,7.4,7.6
Ben Lister,30,New Zealand,Pace Bowler,79,35,50,75,55,8.8,12.5,18.8,13.8,105,113,121,117,39,47,58,41,8,7.7,7.6,8
Benjamin Jacobs,24,New Zealand,Middle Order Batter,25,80,170,300,240,13.3,21.3,30,26.7,112,126,143,138,0,0,0,0,0,0,0,0
Blair Tickner,32,New Zealand,Pace Bowler,104,40,55,65,35,10,13.8,16.3,11.7,104,111,118,113,45,42,49,31,8.4,8.1,8,8.4
Ben Sears,28,New Zealand,Pace Bowler,74,25,35,50,40,8.3,11.7,12.5,13.3,102,109,117,113,34,43,54,40,8.1,7.8,7.7,8.1
Cole McConchie,30,New Zealand,Batting All-Rounder,91,420,500,610,460,23.3,26.3,30.5,27.1,121,128,136,132,14,18,23,16,7.7,7.5,7.6,7.9
Dane Cleaver,33,New Zealand,WK,78,360,430,520,390,24,26.9,30.6,27.9,126,133,141,137,0,0,0,0,0,0,0,0
Daryl Foxcroft,27,New Zealand,Batting All-Rounder,61,270,390,620,520,19.3,26,38.8,32.5,119,132,151,146,9,15,22,17,8,7.7,7.6,8
Daryl Mitchell,35,New Zealand,Batting All-Rounder,176,820,940,850,610,29.3,32.4,30.4,30.5,136,142,147,143,20,23,19,13,8.1,7.9,8,8.4
Devon Conway,35,New Zealand,WK,184,980,1120,1080,760,32.7,37.3,36,34.5,137,142,146,141,0,0,0,0,0,0,0,0
Finn Allen,27,New Zealand,Top Order Batter,170,1100,1260,1450,980,32.4,35,38.2,35,168,172,177,173,0,0,0,0,0,0,0,0
Glenn Phillips,30,New Zealand,Batting All-Rounder,210,950,1080,1240,900,29.7,32.7,36.5,32.1,155,161,166,162,31,27,35,23,8.2,8,7.9,8.3
Henry Nicholls,35,New Zealand,Top Order Batter,92,390,420,360,240,21.7,23.3,22.5,20,115,121,125,120,0,0,0,0,0,0,0,0
Ish Sodhi,33,New Zealand,Spin Bowler,190,130,115,100,65,11.8,10.5,11.1,10.8,96,99,102,98,52,48,45,29,7.8,7.6,7.7,8
Josh Clarkson,29,New Zealand,Batting All-Rounder,65,300,430,650,520,20,26.9,32.5,28.9,134,143,153,148,12,17,24,18,8.2,8,7.8,8.2
Jacob Duffy,31,New Zealand,Pace Bowler,78,30,45,65,50,10,11.3,16.3,12.5,102,111,119,115,35,49,63,44,7.9,7.5,7.4,7.8
Jimmy Neesham,35,New Zealand,Bowling All-Rounder,225,720,760,700,510,24.8,27.1,26.9,25.5,148,154,157,151,28,31,35,23,8.4,8.2,8.1,8.5
Jayden Lennox,24,New Zealand,Pace Bowler,21,10,20,35,30,5,6.7,11.7,10,95,104,113,109,9,16,25,19,8.3,8,7.8,8.2
Kyle Jamieson,31,New Zealand,Pace Bowler,94,55,70,90,60,11,14,15,12,108,116,124,119,45,38,52,35,8,7.8,7.6,8
Katene Clarke,25,New Zealand,Middle Order Batter,37,180,300,470,360,18,25,31.3,27.7,120,133,146,141,0,0,0,0,0,0,0,0
Kristian Clarke,24,New Zealand,Bowling All-Rounder,31,130,240,390,310,16.3,24,30,25.8,116,129,143,138,8,15,22,17,8.1,7.8,7.7,8.1
Lockie Ferguson,35,New Zealand,Pace Bowler,137,40,50,60,35,10,12.5,15,11.7,112,117,123,118,51,44,53,35,8.5,8.2,8,8.4
Muhammad Abbas,25,New Zealand,Middle Order Batter,12,0,10,35,25,0,10,17.5,12.5,0,91,111,106,0,0,0,0,0,0,0,0
Michael Rae,31,New Zealand,Pace Bowler,46,20,30,45,30,6.7,10,11.3,10,96,104,113,108,21,28,35,25,7.9,7.6,7.5,7.9
Michael Bracewell,35,New Zealand,Batting All-Rounder,130,570,680,810,610,25.9,30.9,36.8,32.1,136,146,156,151,26,31,39,27,7.7,7.5,7.4,7.8
Matthew Fisher,25,New Zealand,Pace Bowler,24,15,25,40,30,7.5,8.3,10,10,94,102,111,107,10,17,27,20,8.1,7.8,7.7,8.1
Mitchell Hay,30,New Zealand,WK,62,280,410,620,500,20,27.3,34.4,31.3,128,139,151,146,0,0,0,0,0,0,0,0
Matt Henry,34,New Zealand,Pace Bowler,151,45,55,65,40,9,11,13,10,103,108,115,111,49,45,55,37,7.9,7.8,7.6,8
Mitchell Santner,34,New Zealand,Spin Bowler,235,570,620,690,510,25.9,28.2,31.4,28.3,126,131,137,133,42,46,51,36,7.1,7,7.2,7.5
Mark Chapman,31,New Zealand,Middle Order Batter,143,640,760,880,650,25.6,30.4,33.8,30.2,135,143,151,146,15,18,21,14,8,7.8,7.9,8.2
Nicholas Kelly,30,New Zealand,Top Order Batter,44,190,310,520,420,19,25.8,32.5,28,121,134,149,143,0,0,0,0,0,0,0,0
Nathan Smith,27,New Zealand,Pace Bowler,70,90,130,210,160,15,21.7,26.3,22.9,126,137,148,142,25,34,44,31,8,7.7,7.6,8
Rachin Ravindra,26,New Zealand,Batting All-Rounder,91,580,820,1050,790,27.6,34.2,38.9,35.9,137,151,159,155,18,24,31,22,7.9,7.7,7.6,8
Rhys Mariu,24,New Zealand,Middle Order Batter,43,190,320,510,400,17.3,26.7,31.9,28.6,119,132,146,141,0,0,0,0,0,0,0,0
Tom Blundell,35,New Zealand,WK,72,280,330,370,250,21.5,23.6,24.7,22.7,112,119,124,120,0,0,0,0,0,0,0,0
Trent Boult,37,New Zealand,Pace Bowler,168,35,30,25,15,8.8,7.5,8.3,7.5,109,112,116,111,54,46,39,21,7.4,7.5,7.7,8
Tim Robinson,23,New Zealand,Middle Order Batter,54,310,490,760,620,22.1,32.7,40,34.4,135,150,161,157,0,0,0,0,0,0,0,0
Tim Southee,37,New Zealand,Pace Bowler,220,40,35,25,10,8,7,8.3,5,103,107,110,104,49,42,34,19,8,8.2,8.3,8.6
Tim Seifert,31,New Zealand,WK,190,980,1120,1250,940,30.6,34.1,37.9,34.8,145,153,158,154,0,0,0,0,0,0,0,0
Tom Latham,34,New Zealand,WK,128,510,560,520,360,25.5,28,26,25.7,120,125,130,126,0,0,0,0,0,0,0,0
Will ORourke,25,New Zealand,Pace Bowler,52,25,40,70,55,8.3,10,14,13.8,101,109,119,115,27,35,47,34,8,7.8,7.7,8.1
Will Young,34,New Zealand,Top Order Batter,113,420,500,620,460,24.7,27.8,31,28.8,119,125,132,128,0,0,0,0,0,0,0,0
Zak Foulkes,24,New Zealand,Bowling All-Rounder,46,160,280,460,390,16,23.3,35.4,30,125,137,151,146,13,20,31,23,8.1,7.8,7.7,8.1
Lachlan Stackpole,23,New Zealand,Middle Order Batter,22,70,150,270,220,11.7,21.4,30,24.4,111,124,141,136,0,0,0,0,0,0,0,0
Max Chu,27,New Zealand,WK,31,130,230,380,300,13,23,31.7,27.3,115,128,145,140,0,0,0,0,0,0,0,0
Matthew Boyle,24,New Zealand,Top Order Batter,29,110,220,350,290,11,22,29.2,26.4,113,127,143,138,0,0,0,0,0,0,0,0
Simon Keene,24,New Zealand,Pace Bowler,24,15,30,50,40,7.5,10,12.5,13.3,96,104,113,109,10,17,25,19,8.3,8,7.8,8.2
Jacob Cumming,24,New Zealand,Top Order Batter,31,150,280,430,350,15,23.3,30.7,26.9,117,130,144,139,0,0,0,0,0,0,0,0
Curtis Heaphy,24,New Zealand,Batting All-Rounder,34,170,290,450,360,15.5,24.2,32.1,27.7,120,132,147,141,7,13,20,15,8.2,7.9,7.8,8.2
Jesse Tashkoff,27,New Zealand,Batting All-Rounder,39,180,310,470,380,16.4,25.8,31.3,27.1,119,133,146,140,9,16,23,17,8,7.7,7.8,8.1
Bharat Popli,34,New Zealand,Middle Order Batter,67,300,420,550,410,21.4,28,32.4,27.3,119,128,137,132,0,0,0,0,0,0,0,0
Tim Pringle,22,New Zealand,Spin Bowler,39,85,160,300,250,17,26.7,33.3,27.8,125,137,151,146,14,21,31,23,7.8,7.5,7.4,7.8
Fraser Sheat,24,New Zealand,Pace Bowler,35,20,35,60,45,6.7,8.8,12,11.3,98,106,116,111,16,24,32,24,8,7.7,7.6,8
Rohit Gulati,24,New Zealand,Middle Order Batter,20,60,130,230,180,10,21.7,28.8,22.5,108,121,137,132,0,0,0,0,0,0,0,0
Zak Gibson,24,New Zealand,Pace Bowler,18,10,20,35,30,5,6.7,11.7,10,93,101,112,108,8,15,24,18,8.4,8.1,7.9,8.3
Simon Johnston,23,New Zealand,Top Order Batter,24,80,150,260,210,11.4,21.4,32.5,26.3,110,123,140,135,0,0,0,0,0,0,0,0
Matt Bacon,31,New Zealand,Pace Bowler,43,20,35,50,35,6.7,8.8,10,8.8,97,105,113,108,19,27,35,25,8,7.7,7.6,8
Aamir Jamal,30,Pakistan,Bowling All-Rounder,78,310,385,420,190,22.1,24.1,26.3,23.8,139.5,143.8,146.2,141,14,18,20,9,8.6,8.4,8.2,8.5
Abbas Afridi,25,Pakistan,Pace Bowler,72,75,90,105,48,8.3,9,10.5,9.6,120.9,128.6,137,132,34,39,42,21,8.4,8.2,8,8.3
Abdul Samad,24,Pakistan,Middle Order Batter,82,820,930,1085,610,25.6,28.2,31,30.5,142.3,146.8,151.2,148.5,0,0,0,0,0,0,0,0
Abdullah Fazal,27,Pakistan,Middle Order Batter,38,310,390,455,280,20.7,26,30.3,28,105.4,112.1,118.3,121,0,0,0,0,0,0,0,0
Abdullah Shafique,26,Pakistan,Top Order Batter,112,1580,1720,1850,920,30.4,32.1,34.9,35.4,124.8,128.6,132.5,135.2,0,0,0,0,0,0,0,0
Abrar Ahmed,27,Pakistan,Spin Bowler,92,165,190,225,110,13.8,15.8,17.3,15.7,115.4,120.3,126.4,121,91,84,88,43,7.2,7.5,7.4,7.6
Salman Ali Agha,32,Pakistan,Batting All-Rounder,154,2510,2780,3010,1640,29.9,32.3,34.6,35.7,128.7,132.5,136.4,139.1,35,38,41,21,7.8,7.6,7.5,7.7
Ahmed Daniyal,29,Pakistan,Pace Bowler,54,95,125,160,90,9.5,11.4,13.3,15,121.8,128.9,135.6,139,39,44,48,25,8.1,7.9,7.8,8
Akif Javed,31,Pakistan,Pace Bowler,71,115,135,170,82,9.6,10.4,12.1,13.7,116.2,121.7,128.5,130.5,52,58,61,31,8.3,8.1,8,8.2
Ali Usman,35,Pakistan,Spin Bowler,66,90,105,130,70,9,10.5,11.8,11.7,108.4,113.2,118.6,120.1,48,52,55,28,7.1,7,7.2,7.3
Arafat Minhas,22,Pakistan,Bowling All-Rounder,46,275,350,475,315,18.3,21.9,27.9,28.6,121.2,128.4,137.5,142,18,24,29,17,7.5,7.4,7.3,7.5
Asif Afridi,39,Pakistan,Spin Bowler,74,115,135,145,65,9.6,10.4,11.2,10.8,106.5,111.7,117.8,115,59,62,65,30,7.4,7.3,7.2,7.5
Awais Zafar,31,Pakistan,Middle Order Batter,61,590,650,735,390,21.1,23.2,26.3,27.9,118.4,122.7,128.5,132,0,0,0,0,0,0,0,0
Azam Khan,27,Pakistan,Middle Order Batter,105,1270,1380,1520,810,23.5,25.1,27.6,28.9,145.6,150.2,155.8,158,0,0,0,0,0,0,0,0
Azan Awais,22,Pakistan,Top Order Batter,34,285,365,510,330,19,24.3,34,33,105.2,112.8,121.6,125.5,0,0,0,0,0,0,0,0
Babar Azam,31,Pakistan,Top Order Batter,295,2520,2720,2860,1570,43.4,45.3,47.7,45.1,128.1,130.7,132.8,134.5,0,0,0,0,0,0,0,0
Faheem Ashraf,32,Pakistan,Bowling All-Rounder,154,1010,1090,1165,640,23.5,24.8,26.2,26.7,132.4,136.5,140.1,143.2,78,82,86,43,8.1,7.9,7.8,8
Faisal Akram,23,Pakistan,Spin Bowler,45,50,65,85,52,7.1,8.1,10.6,10.4,91.2,102.5,111.8,116,32,39,45,23,7.3,7.2,7.1,7.4
Fakhar Zaman,36,Pakistan,Top Order Batter,250,2370,2490,2650,1410,29.6,31.5,33.9,32.8,145.8,148.9,151.7,149.8,0,0,0,0,0,0,0,0
Ghazi Ghori,22,Pakistan,WK,29,180,245,350,235,15,20.4,29.2,29.4,111.7,119.8,128.6,132,0,0,0,0,0,0,0,0
Haris Rauf,32,Pakistan,Pace Bowler,176,120,155,185,92,8,9.1,10.9,11.5,105.3,111.8,117.4,120,101,109,116,57,8.6,8.3,8.1,8.3
Hasan Ali,31,Pakistan,Pace Bowler,185,540,610,680,350,10.8,11.5,12.6,12.1,126.5,131.4,136.7,139,102,110,116,58,8,7.8,7.7,8
Haseebullah Khan,22,Pakistan,WK,49,350,470,620,390,21.9,27.6,32.6,30,119.2,126.8,132.7,136,0,0,0,0,0,0,0,0
Hassan Nawaz,22,Pakistan,Middle Order Batter,37,260,410,690,475,17.3,27.3,38.3,39.6,127.8,139.4,151.6,156,0,0,0,0,0,0,0,0
Hussain Talat,30,Pakistan,Batting All-Rounder,116,1040,1160,1280,690,23.6,25.8,28.4,27.6,123.6,128.1,133.7,137,29,32,35,17,8.2,8,7.9,8.1
Iftikhar Ahmed,35,Pakistan,Batting All-Rounder,220,2180,2310,2450,1280,28.3,30.1,31.8,32,132.5,136.9,140.6,143,42,47,51,25,7.7,7.6,7.5,7.7
Imad Wasim,37,Pakistan,Bowling All-Rounder,300,2380,2510,2210,890,25.9,27.1,26,24.1,119.6,123.4,126.1,128,112,118,105,49,7.2,7,7.1,7.4
Imam-ul-Haq,30,Pakistan,Top Order Batter,143,1250,1390,1480,710,31.2,34.8,36.1,35.5,117.3,121.8,125.2,127,0,0,0,0,0,0,0,0
Irfan Khan,24,Pakistan,Top Order Batter,63,540,680,850,530,20.8,25.2,31.5,35.3,121.6,128.3,135.8,139,0,0,0,0,0,0,0,0
Jahandad Khan,23,Pakistan,Bowling All-Rounder,42,180,265,390,270,15,19,27.9,30,117.6,128.1,139.5,145,17,22,28,15,8.2,8,7.8,8
Kamran Ghulam,30,Pakistan,Top Order Batter,91,690,820,1020,560,22.3,26.5,32.9,31.1,113.2,119.7,126.4,130,0,0,0,0,0,0,0,0
Kashif Ali,24,Pakistan,Pace Bowler,39,85,110,150,95,8.5,10,13.6,13.6,118.1,125.4,133.7,137,26,31,38,19,8.4,8.1,8,8.2
Khawaja Nafay,24,Pakistan,WK,51,510,760,1010,620,20.4,30.4,36.1,38.8,128.5,141.7,151.8,157,0,0,0,0,0,0,0,0
Khurram Shahzad,31,Pakistan,Pace Bowler,67,110,145,185,92,8.5,10.4,13.2,13.1,105.6,114.2,121.6,124,41,47,54,27,7.8,7.6,7.5,7.7
Khushdil Shah,31,Pakistan,Batting All-Rounder,145,1430,1510,1680,940,25.5,27.5,31.1,31.3,139.6,143.7,149.5,153,49,54,58,28,8.1,7.9,7.8,8
Maaz Sadaqat,21,Pakistan,Batting All-Rounder,32,245,330,510,350,18.8,23.6,36.4,35,118.7,126.9,143.2,149,8,12,17,10,8,7.8,7.6,7.8
Mir Hamza,33,Pakistan,Pace Bowler,57,35,48,60,28,5.8,6.9,8.6,7,82.4,91.7,105.3,103,31,38,44,20,8,7.8,7.7,8.1
Mohammad Abbas,36,Pakistan,Pace Bowler,49,45,60,75,35,5.6,6.7,8.3,7,78.9,86.2,96.4,98,27,31,36,17,7.6,7.5,7.4,7.8
Mohammad Ali,32,Pakistan,Pace Bowler,73,105,135,175,85,8.1,9.6,12.5,10.6,102.7,111.4,121.8,125,45,51,58,29,8.3,8.1,8,8.2
Mohammad Amir,34,Pakistan,Pace Bowler,242,90,120,110,40,7.5,8.6,8.5,8,98.2,104.6,110.3,108,142,151,138,61,7.6,7.4,7.5,7.8
Mohammad Haris,25,Pakistan,WK,95,760,890,1120,710,20.5,24.1,31.1,29.6,139.7,145.8,152.1,155,0,0,0,0,0,0,0,0
Mohammad Hasnain,26,Pakistan,Pace Bowler,128,105,130,155,75,7,8.1,9.7,9.4,116.5,122.8,128.6,131,76,83,91,44,8.9,8.5,8.3,8.5
Mohammad Huraira,24,Pakistan,Middle Order Batter,58,480,690,910,580,19.2,27.6,35,34.1,112.5,121.6,132.8,137,0,0,0,0,0,0,0,0
Mohammad Nawaz,32,Pakistan,Bowling All-Rounder,214,1690,1750,1840,950,24.1,25,26.3,25.7,126.2,130.4,134.7,138,88,96,103,49,7.2,7,7.1,7.3
Mohammad Rizwan,34,Pakistan,WK,240,2380,2520,2610,1380,39.7,42,43.5,43.1,122.8,125.7,128.6,131,0,0,0,0,0,0,0,0
Mohammad Wasim,25,Pakistan,Pace Bowler,86,75,95,125,65,7.5,8.6,10.4,10.8,110.2,116.7,123.4,127,59,67,73,35,8.4,8.1,8,8.2
Naseem Shah,23,Pakistan,Pace Bowler,102,95,120,145,72,7.3,8,9.7,10.3,106.4,112.8,119.5,123,67,74,82,40,7.9,7.6,7.5,7.8
Noman Ali,40,Pakistan,Spin Bowler,45,30,42,55,25,5,6,7.9,6.3,76.9,82.4,91.7,90,22,29,34,16,7.1,6.9,7,7.2
Omair Yousuf,28,Pakistan,Top Order Batter,68,590,710,830,510,21.8,26.3,30.7,30,112.6,119.8,126.3,130,0,0,0,0,0,0,0,0
Qasim Akram,23,Pakistan,Batting All-Rounder,73,260,330,420,240,17.3,20.6,26.3,24,116.4,124.8,132.5,136,9,14,19,10,7.9,7.7,7.6,7.8
Saad Masood,24,Pakistan,Top Order Batter,29,190,275,410,295,15.8,21.2,31.5,32.8,108.3,116.7,129.8,136,0,0,0,0,0,0,0,0
Sahibzada Farhan,30,Pakistan,WK,172,1610,1780,1990,1260,28.8,31.2,35.5,38.2,132.5,137.8,143.6,149,0,0,0,0,0,0,0,0
Saim Ayub,24,Pakistan,Batting All-Rounder,103,1240,1490,1720,1010,29.5,32.4,35.8,36.1,143.2,148.9,153.7,157,23,29,35,18,8,7.8,7.6,7.8
Sajid Khan,33,Pakistan,Spin Bowler,72,120,145,170,82,10,11.2,12.1,11.7,104.3,110.6,116.4,119,49,56,62,30,7.3,7.1,7,7.3
Salman Mirza,29,Pakistan,Pace Bowler,43,65,85,120,75,6.5,8.5,10.9,10.7,106.6,116.4,127.3,132,28,34,43,22,8.3,8.1,7.9,8.1
Sarfaraz Ahmed,39,Pakistan,WK,270,1360,1120,980,410,24.3,22.4,20.4,20.5,112.7,115.6,118.3,121,0,0,0,0,0,0,0,0
Saud Shakeel,31,Pakistan,Top Order Batter,94,680,850,1030,570,24.3,28.3,32.2,31.7,113.6,118.4,124.7,129,0,0,0,0,0,0,0,0
Shadab Khan,28,Pakistan,Bowling All-Rounder,220,2040,2180,2290,1210,25.5,27.3,29.4,28.8,137.6,141.5,145.8,149,104,112,121,57,7.5,7.3,7.2,7.5
Shaheen Afridi,26,Pakistan,Pace Bowler,175,165,190,215,105,9.7,10.6,11.3,11.7,108.5,113.7,119.4,123,116,126,137,67,7.7,7.4,7.3,7.6
Shamyl Hussain,21,Pakistan,Middle Order Batter,31,220,310,495,360,15.7,22.1,35.4,36,111.8,123.6,141.7,148,0,0,0,0,0,0,0,0
Shan Masood,36,Pakistan,Top Order Batter,111,810,920,1050,520,23.1,25.6,28.4,26,115.2,119.8,124.6,128,0,0,0,0,0,0,0,0
Sufiyan Muqeem,25,Pakistan,Spin Bowler,54,90,120,180,105,9,10.9,16.4,15,107.1,119.3,133.8,139,34,48,63,32,7.1,6.8,6.6,6.9
Tayyab Tahir,32,Pakistan,Top Order Batter,109,910,1070,1220,760,23.3,27.4,32.1,31.7,119.4,125.8,132.7,137,0,0,1,0,0,0,8,0
Ubaid Shah,21,Pakistan,Pace Bowler,34,45,65,105,72,5.6,7.2,10.5,10.3,103.4,114.8,126.7,132,22,31,42,23,8.2,7.9,7.7,8
Usama Mir,30,Pakistan,Spin Bowler,82,210,265,310,165,14,17.7,20.7,18.3,119.3,126.5,132.8,137,49,57,64,31,8,7.7,7.5,7.7
Usman Khan,30,Pakistan,WK,125,1250,1390,1520,870,25.5,28.4,31.7,32.2,139.4,144.6,149.8,153,0,0,0,0,0,0,0,0
Usman Tariq,27,Pakistan,Spin Bowler,46,75,95,145,95,7.5,9.5,14.5,13.6,101.4,112.8,126.5,131,28,39,52,28,7.4,7.2,7,7.3
Zahid Mahmood,38,Pakistan,Pace Bowler,69,55,72,95,45,6.9,8,10.6,9,91.7,99.2,109.8,111,42,48,54,25,8.2,8,7.9,8.2
Zaman Khan,24,Pakistan,Pace Bowler,71,80,105,140,82,8,9.5,12.7,11.7,111.1,119.3,130.2,134,47,58,68,34,8.6,8.3,8.1,8.3
Abdul Faseeh,23,Pakistan,Top Order Batter,4,0,0,39,0,0,0,9.8,0,0,0,125.8,0,0,0,0,0,0,0,0,
Yasir Khan,23,Pakistan,Middle Order Batter,38,275,390,570,380,18.3,26,35.6,34.5,116.2,127.4,142.8,147,0,0,0,0,0,0,0,0
Shahzaib Khan,24,Pakistan,Top Order Batter,32,210,290,430,275,15,20.7,30.7,30.6,108.4,117.6,134.8,141,0,0,0,0,0,0,0,0
Mohammad Faiq,23,Pakistan,Middle Order Batter,28,180,260,405,260,13.8,18.6,29,28.9,104.5,114.8,132.7,139,0,0,0,0,0,0,0,0
Mubasir Khan,24,Pakistan,Bowling All-Rounder,66,310,410,535,340,19.4,22.8,29.7,28.3,119.8,126.6,136.4,141,22,28,34,18,7.9,7.7,7.6,7.8
Ali Raza,20,Pakistan,Pace Bowler,27,30,55,110,90,5,9.2,18.3,15,100,113.5,128.2,136,18,29,44,27,8.1,7.8,7.6,7.9
Abdul Faseeh Jr,23,Pakistan,Top Order Batter,5,0,15,45,35,0,7.5,11.3,11.7,0,107.1,118.4,126,0,0,0,0,0,0,0,0
Anrich Nortje,32,South Africa,Pace Bowler,115,55,70,85,42,7.9,8.8,10.6,10.5,101.9,108.5,116.4,121,72,82,91,45,7.8,7.5,7.4,7.7
Andile Simelane,22,South Africa,Bowling All-Rounder,43,180,240,330,210,15,20,27.5,23.3,120,130.4,143.5,148,18,25,31,17,8.1,7.8,7.6,7.9
Aiden Markram,31,South Africa,Top Order Batter,190,2020,2180,2310,1280,30.6,33,35.5,36.6,139.2,143.5,146.8,150.2,38,42,45,23,7.5,7.3,7.2,7.4
Andile Phehlukwayo,30,South Africa,Bowling All-Rounder,165,1080,1160,1210,650,22.5,24.2,26.3,25,132.4,137.1,141.5,145,76,82,89,43,8.2,8,7.8,8.1
Bjorn Fortuin,31,South Africa,Spin Bowler,112,155,180,210,105,12.9,13.8,15,13.1,108.4,114.6,121.4,126,70,78,86,42,7.1,7,6.9,7.2
Corbin Bosch,31,South Africa,Bowling All-Rounder,98,730,890,1120,760,22.1,27.8,35,34.5,137.4,145.8,153.2,158,35,43,49,27,8.2,7.9,7.7,7.9
Connor Esterhuizen,21,South Africa,WK,28,0,0,210,360,0,0,30,40,0,0,136.4,153,0,0,0,0,0,0,0,0
Junior Dala,36,South Africa,Pace Bowler,95,70,85,105,48,7.8,8.5,10.5,9.6,105.3,111.8,119.3,123,67,73,78,36,8.4,8.2,8,8.3
Codi Yusuf,24,South Africa,Pace Bowler,36,40,55,85,62,5.7,6.9,10.6,10.3,92.1,104.7,118.2,126,18,27,38,22,8.3,8,7.8,8.1
Dewald Brevis,23,South Africa,Middle Order Batter,105,820,1080,1390,1240,25.6,31.8,38.6,41.3,146.8,153.7,161.2,166,4,6,9,8,9,8.6,8.4,8.7
Donovan Ferreira,28,South Africa,Batting All-Rounder,93,870,1050,1280,760,25.6,30.9,36.6,34.5,151.2,158.4,164.5,169,24,29,34,18,8.3,8,7.8,8.1
Dane Paterson,35,South Africa,Pace Bowler,98,55,70,90,40,6.9,7.8,9,8,89.4,98.6,108.4,111,63,72,81,38,7.9,7.6,7.5,7.8
David Miller,37,South Africa,Middle Order Batter,275,2410,2580,2690,1090,35.4,38.5,40.8,36.3,143.7,147.9,151.6,155,0,0,0,0,0,0,0,0
David Bedingham,32,South Africa,Middle Order Batter,75,610,740,920,570,24.4,29.6,36.8,35.6,128.2,136.1,145.5,151,0,0,0,0,0,0,0,0
Dane Piedt,36,South Africa,Spin Bowler,72,75,95,115,58,7.5,9.5,11.5,9.7,95.6,105.2,114.8,119,48,57,64,31,7.1,6.9,7,7.2
Dayyaan Galiem,28,South Africa,Bowling All-Rounder,55,420,505,610,355,19.1,22,26.5,25.4,126.5,132.8,139.7,144,18,24,29,15,8,7.8,7.6,7.9
Eathan Bosch,28,South Africa,Pace Bowler,76,85,105,135,72,7.7,9.5,12.3,10.3,107.6,115.4,124.6,130,49,58,67,32,8.1,7.8,7.7,8
Gerald Coetzee,25,South Africa,Pace Bowler,82,80,100,125,65,8,9.1,11.4,10.8,113.5,121.8,129.6,134,48,60,73,38,8.5,8.1,7.9,8.2
George Linde,34,South Africa,Bowling All-Rounder,127,760,840,930,490,21.1,23.3,25.8,24.5,125.8,130.6,135.4,139,72,82,91,45,7.2,7,6.9,7.2
Heinrich Klaasen,35,South Africa,WK,225,2210,2460,2680,1350,39.5,43.2,46.2,45,169.4,175.2,180.5,184,0,0,0,0,0,0,0,0
Rassie van der Dussen,37,South Africa,Middle Order Batter,190,1960,2110,2240,1040,37,40.6,43.1,41.6,131.7,135.5,139.4,143,0,0,0,0,0,0,0,0
Jason Smith,31,South Africa,Batting All-Rounder,78,520,680,870,520,20.8,27.2,34.8,34.7,126.8,135.9,145.7,151,18,24,30,16,8.2,7.9,7.7,8
Kagiso Rabada,31,South Africa,Pace Bowler,195,115,140,165,78,7.7,8.8,10.3,9.8,109.5,116.7,123.9,127,126,139,151,73,7.6,7.3,7.2,7.5
Kyle Verreynne,28,South Africa,WK,85,650,790,960,520,25,30.4,36.9,34.7,124.7,130.8,138.2,143,0,0,0,0,0,0,0,0
Keshav Maharaj,36,South Africa,Spin Bowler,152,350,410,470,225,14,16.4,18.1,17.3,113.2,119.6,125.4,129,95,104,112,54,7,6.8,6.9,7.1
Kwena Maphaka,20,South Africa,Pace Bowler,54,65,90,140,105,8.1,10,14,15,104.8,116.9,129.6,136,31,42,56,31,8.4,8,7.8,8.1
Lungi Ngidi,30,South Africa,Pace Bowler,137,105,125,155,82,8.1,9.6,11.9,11.7,107.1,114.7,121.8,126,82,94,107,55,8,7.7,7.5,7.8
Lesego Senokwane,27,South Africa,Top Order Batter,48,340,430,620,410,18.9,23.9,34.4,34.2,111.5,121.4,139.8,146,0,0,0,0,0,0,0,0
Lutho Sipamla,28,South Africa,Pace Bowler,79,60,80,105,52,6.7,8,10.5,10.4,93.8,105.3,116.7,122,48,58,67,31,8.1,7.8,7.7,8
Lizaad Williams,32,South Africa,Pace Bowler,91,50,65,85,43,6.3,7.2,8.5,8.6,88.7,98.5,108.4,114,56,65,75,36,8.3,8,7.8,8.1
Lhuan-dre Pretorius,20,South Africa,WK,47,0,210,570,680,0,17.5,35.6,40,0,127.3,154.8,163,0,0,0,0,0,0,0,0
Marco Jansen,26,South Africa,Bowling All-Rounder,132,780,920,1080,560,22.9,26.3,31.8,30.1,131.5,138.7,145.8,150,76,87,96,47,8,7.7,7.5,7.8
Mihlali Mpongwana,26,South Africa,Pace Bowler,52,80,105,135,72,8.9,11.7,13.5,12,102.6,115.4,127.4,132,28,39,52,27,8.2,7.9,7.7,8
Matthew Breetzke,27,South Africa,Top Order Batter,102,650,850,1090,720,22.4,28.3,36.3,36,119.8,130.7,142.9,149,0,0,0,0,0,0,0,0
Nandre Burger,31,South Africa,Pace Bowler,63,65,85,110,58,7.2,8.5,11,11.6,99.3,110.7,122.4,128,37,48,61,32,8,7.7,7.5,7.8
Nqobani Mokoena,20,South Africa,Pace Bowler,29,0,0,95,145,0,0,13.6,18.1,0,0,121.8,132,0,0,16,28,0,0,7.8,7.9
Nqaba Peter,25,South Africa,Spin Bowler,51,80,115,180,105,8,11.5,16.4,15,104.7,119.8,132.6,138,27,40,57,31,7.5,7.2,7,7.3
Ottneil Baartman,33,South Africa,Pace Bowler,73,55,70,95,48,6.9,8.8,11.9,9.6,94.8,103.2,116.5,121,47,59,70,34,7.7,7.4,7.3,7.6
Prenelan Subrayen,32,South Africa,Spin Bowler,71,180,225,285,170,12.9,16.1,20.4,18.9,103.4,111.7,121.6,128,51,62,74,38,7.4,7.1,7,7.2
Patrick Kruger,30,South Africa,Bowling All-Rounder,68,410,505,650,390,20.5,25.3,32.5,30,127.8,136.4,146.1,151,25,33,42,22,8.1,7.8,7.6,7.9
Wiaan Mulder,28,South Africa,Batting All-Rounder,116,820,980,1160,690,25.6,30.6,36.3,34.5,128.4,136.2,144.7,150,43,51,59,30,7.7,7.4,7.3,7.6
Quinton de Kock,33,South Africa,WK,250,2090,2180,2250,870,32.7,34.6,37.5,34.8,139.8,143.2,146.7,151,0,0,0,0,0,0,0,0
Rubin Hermann,26,South Africa,WK,61,420,650,920,700,21,32.5,40,43.8,121.8,137.6,151.4,158,0,0,0,0,0,0,0,0
Ryan Rickelton,30,South Africa,WK,121,1120,1390,1670,950,32,39.7,47.7,43.2,139.1,147.3,157.1,162,0,0,0,0,0,0,0,0
Reeza Hendricks,37,South Africa,Top Order Batter,184,1790,1880,1970,930,29.3,31.3,32.8,31,132.8,136.5,140.8,144,0,0,0,0,0,0,0,0
Senuran Muthusamy,31,South Africa,Bowling All-Rounder,91,530,620,760,430,22.1,25.8,31.7,28.7,118.6,126.7,136.4,141,35,43,51,27,7.5,7.3,7.2,7.5
Sinethemba Qeshile,26,South Africa,WK,67,510,620,760,480,20.4,24.8,30.4,32,119.7,127.3,136.5,143,0,0,0,0,0,0,0,0
Simon Harmer,37,South Africa,Spin Bowler,108,260,310,380,185,13,15.5,19,15.4,108.8,114.2,121.5,126,71,82,95,45,6.9,6.7,6.6,7
Temba Bavuma,36,South Africa,Top Order Batter,103,730,790,860,420,24.3,26.3,28.7,28,119.1,123.6,127.8,132,0,0,0,0,0,0,0,0
Tabraiz Shamsi,36,South Africa,Spin Bowler,184,180,220,260,125,9.5,11.6,13.7,12.5,101.1,108.4,116.2,121,119,132,145,70,7.4,7.1,7,7.3
Tristan Stubbs,25,South Africa,Middle Order Batter,105,870,1060,1370,980,27.2,33.1,42.8,44.5,145.7,153.8,161.7,168,4,7,10,7,9,8.6,8.4,8.7
Tony de Zorzi,29,South Africa,Top Order Batter,76,530,690,860,470,20.4,26.5,33.1,31.3,117.4,128.7,139.8,145,0,0,0,0,0,0,0,0
Gavin Kaplan,23,South Africa,Middle Order Batter,34,0,150,420,390,0,15,35,35.5,0,116.3,145.8,151,0,0,0,0,0,0,0,0
Jordan Hermann,24,South Africa,Top Order Batter,43,120,340,620,510,10.9,26.2,38.8,42.5,101.7,125.4,146.2,154,0,0,0,0,0,0,0,0
Daniel Smith,25,South Africa,WK,45,180,310,560,420,15,23.8,35,38.2,108.4,123.5,145.7,153,0,0,0,0,0,0,0,0
Delano Potgieter,29,South Africa,Bowling All-Rounder,58,390,520,710,430,19.5,26,35.5,30.7,128.7,138.1,151.6,157,19,28,39,21,8,7.7,7.5,7.8
Dian Forrester,26,South Africa,Batting All-Rounder,31,0,127,466,520,0,25.4,35.8,37.1,0,128.5,141.2,145,0,2,7,7,0,8.3,7.8,8
Lesiba Ngoepe,30,South Africa,Top Order Batter,48,260,350,510,315,17.3,23.3,31.9,28.6,108.7,118.4,133.6,139,0,0,0,0,0,0,0,0
Meeka-eel Prince,21,South Africa,WK,38,80,210,390,310,8.9,17.5,32.5,34.4,104.2,119.8,141.7,148,0,0,0,0,0,0,0,0
Matthew Boast,25,South Africa,Pace Bowler,31,30,50,90,65,6,7.1,11.3,10.8,92.3,104.2,118.4,126,15,24,37,20,8.3,8,7.8,8.1
Kyle Simmonds,27,South Africa,Spin Bowler,48,95,125,175,110,9.5,12.5,15.9,13.8,102.7,113.6,124.8,130,28,39,53,28,7.5,7.2,7,7.3
Shaun von Berg,39,South Africa,Spin Bowler,87,140,170,195,90,11.7,14.2,16.3,15,99.4,107.6,115.2,120,54,64,73,35,7.2,7,6.9,7.2
Beyers Swanepoel,25,South Africa,Pace Bowler,39,75,105,165,110,7.5,10.5,16.5,13.8,104.2,117.6,132.8,139,19,31,46,25,8,7.7,7.5,7.8
Tshepo Moreki,31,South Africa,Pace Bowler,61,55,75,110,62,6.9,8.3,11,10.3,94.8,106.4,117.5,123,38,49,60,29,8.2,7.9,7.7,8
Alfred Mothoa,24,South Africa,Pace Bowler,27,20,40,80,65,4,6.7,11.4,10.8,87,101.3,119.4,128,13,22,35,21,8.4,8.1,7.8,8
Gideon Peters,24,South Africa,Pace Bowler,34,35,55,100,72,5,6.9,12.5,10.3,91.7,105.8,124.2,130,17,28,41,23,8.2,7.9,7.7,8
Junaid Dawood,24,South Africa,Spin Bowler,29,25,45,90,65,4.2,6.4,12.9,10.8,83.3,96.8,120,126,16,27,39,22,7.7,7.4,7.2,7.5
Clyde Fortuin,30,South Africa,WK,87,620,700,810,440,21.4,24.1,28.9,27.5,121.8,127.4,133.8,138,0,0,0,0,0,0,0,0
Alick Athanaze,27,West Indies,Top Order Batter,62,480,610,790,520,20,25.4,32.9,32.5,119.4,128.6,139.8,146,0,0,0,0,0,0,0,0
A Phillip,25,West Indies,Top Order Batter,31,210,295,430,275,16.2,22.7,33.1,30.6,108.8,118.5,134.2,141,0,0,0,0,0,0,0,0
Amir Jangoo,29,West Indies,WK,66,430,610,880,650,19.5,27.7,40,40.6,112.4,127.8,148.7,155,0,0,0,0,0,0,0,0
Andre Russell,38,West Indies,Bowling All-Rounder,460,1850,1940,2050,920,28,30.3,32,30.7,170.4,176.1,180.8,184,105,112,120,57,9,8.7,8.5,8.7
Andre Fletcher,38,West Indies,WK,260,2370,2450,2500,1080,28.9,30.1,31.2,30,142.8,146.4,149.2,152,0,0,0,0,0,0,0,0
Akeal Hosein,33,West Indies,Spin Bowler,190,390,450,510,250,16.3,18.8,21.3,20.8,118.5,123.6,128.7,133,101,113,125,61,6.9,6.7,6.6,6.9
Alzarri Joseph,30,West Indies,Pace Bowler,170,125,145,165,80,8.3,9.7,11,10,104.2,110.7,117.9,121,105,119,130,64,8.1,7.7,7.6,7.9
Jewel Andrew,19,West Indies,WK,31,0,105,390,470,0,15,32.5,39.2,0,115.4,148.8,158,0,0,0,0,0,0,0,0
Ackeem Auguste,23,West Indies,Middle Order Batter,49,230,380,610,470,16.4,25.3,40.7,39.2,105.8,122.5,143.6,151,0,0,0,0,0,0,0,0
Brandon King,31,West Indies,Top Order Batter,145,1540,1680,1810,920,31.4,34.3,36.2,35.4,137.5,142.1,147.3,151,0,0,0,0,0,0,0,0
Evin Lewis,35,West Indies,Top Order Batter,205,2080,2180,2290,1120,31,33.5,35.2,34,148.4,153.1,158.6,162,0,0,0,0,0,0,0,0
Fabian Allen,31,West Indies,Bowling All-Rounder,150,1190,1260,1340,690,22.9,25.2,27.1,25.6,142.3,147.8,153.5,158,62,70,79,39,8,7.7,7.5,7.8
Gudakesh Motie,30,West Indies,Spin Bowler,130,165,200,245,125,11.8,14.3,17.5,15.6,111.5,119.8,128.7,133,73,88,101,50,7.1,6.8,6.7,7
Hayden Walsh Jr,33,West Indies,Spin Bowler,108,90,115,140,65,7.5,9.6,11.7,10.8,100.5,109.7,119.8,124,66,74,81,39,7.5,7.2,7.1,7.4
Jediah Blades,21,West Indies,Pace Bowler,28,0,20,95,130,0,5,13.6,16.3,0,88.2,121.8,136,0,8,20,26,0,8.4,7.8,8
Johnson Charles,37,West Indies,WK,260,2590,2660,2740,1190,29.8,31.3,32.6,30.5,145.2,149.6,154,158,0,0,0,0,0,0,0,0
Joshua Da Silva,28,West Indies,WK,73,480,620,780,430,18.5,23.8,30,28.7,111.6,119.7,129.8,135,0,0,0,0,0,0,0,0
Jayden Seales,24,West Indies,Pace Bowler,76,45,65,95,55,6.4,8.1,11.9,9.2,91.8,103.7,117.6,124,46,58,73,38,7.8,7.5,7.3,7.6
Jomel Warrican,34,West Indies,Spin Bowler,73,75,100,125,60,7.5,10,12.5,10,92.6,104.2,116.8,121,44,57,67,33,7.2,6.9,6.8,7.1
John Campbell,32,West Indies,Top Order Batter,90,740,850,980,490,22.4,25.8,29.7,28.8,115.7,121.4,129.6,135,0,0,0,0,0,0,0,0
Jason Holder,34,West Indies,Bowling All-Rounder,235,1690,1780,1870,910,25.6,27.4,29.2,28.4,134.6,139.5,144.3,149,93,101,111,54,8.1,7.8,7.6,7.9
Justin Greaves,30,West Indies,Batting All-Rounder,82,580,720,930,590,21.5,27.7,35.8,34.7,122.4,132.6,145.8,151,18,25,33,17,8.2,7.9,7.7,8
Kemar Roach,38,West Indies,Pace Bowler,91,55,70,80,38,6.1,7.8,8.9,7.6,84.6,94.2,101.3,106,49,60,71,34,7.4,7.2,7.1,7.4
Kavem Hodge,33,West Indies,Batting All-Rounder,74,520,680,910,570,18.6,24.3,32.5,31.7,117.5,128.7,143.2,149,18,24,31,16,8.1,7.8,7.6,7.9
Kraigg Brathwaite,33,West Indies,Top Order Batter,78,470,540,610,280,18.1,20.8,23.5,21.5,98.4,104.2,110.8,115,0,0,0,0,0,0,0,0
Kemar Paul,27,West Indies,Bowling All-Rounder,115,760,850,970,490,20,23,26.2,24.5,128.7,135.8,141.7,146,45,54,64,31,8.4,8.1,7.9,8.2
Kyle Mayers,33,West Indies,Bowling All-Rounder,175,1770,1840,1920,880,31.1,33.5,35.6,33.8,139.8,145.3,150.1,154,42,49,56,28,8.6,8.3,8.1,8.4
Kirk McKenzie,25,West Indies,Top Order Batter,57,390,520,740,470,16.3,22.6,32.2,31.3,108.6,120.4,139.7,146,0,0,0,0,0,0,0,0
Keacy Carty,29,West Indies,Middle Order Batter,69,450,630,850,580,18.8,26.3,35.4,36.3,111.8,123.7,137.9,145,0,0,0,0,0,0,0,0
Mikyle Louis,24,West Indies,Middle Order Batter,41,180,330,590,430,12,22,39.3,35.8,102.8,116.5,139.6,145,0,0,0,0,0,0,0,0
Matthew Forde,24,West Indies,Bowling All-Rounder,62,330,460,650,410,18.3,25.6,36.1,32.8,125.7,137.4,150.6,156,25,35,48,24,8,7.7,7.5,7.8
Marlon Samuels,45,West Indies,Batting All-Rounder,315,2260,1910,0,0,27.2,24.8,0,0,127.3,124.1,0,0,42,37,0,0,8.1,8.3,0,0
Naveen Bidaisee,24,West Indies,Middle Order Batter,32,110,230,410,330,9.2,19.2,34.2,33,96.5,111.6,137.5,144,0,0,0,0,0,0,0,0
Nicholas Pooran,30,West Indies,WK,285,2510,2780,2990,1530,31.4,35.2,39.3,38.3,151.7,158.4,165.8,170,0,0,0,0,0,0,0,0
Odean Smith,30,West Indies,Bowling All-Rounder,108,760,830,910,450,18.5,21.8,25.3,23.7,143.5,149.7,155.8,160,58,65,73,36,9,8.7,8.5,8.8
Obed McCoy,29,West Indies,Pace Bowler,91,70,90,115,58,7,8.2,10.5,9.7,105.3,114.2,123.8,128,53,66,78,39,8.3,7.9,7.7,8
Rovman Powell,32,West Indies,Middle Order Batter,205,1940,2070,2200,1100,28.1,30.4,33.3,32.4,143.6,148.8,153.7,158,0,0,0,0,0,0,0,0
Romario Shepherd,31,West Indies,Bowling All-Rounder,164,1190,1310,1450,720,25.9,29.1,32.2,30,145.4,151.8,157.6,163,71,82,93,46,8.8,8.4,8.2,8.5
Roston Chase,34,West Indies,Batting All-Rounder,160,1570,1680,1810,920,29.1,31.7,34.2,33.9,126.3,131.8,137.5,142,44,51,60,30,7.6,7.4,7.2,7.5
Ramon Simmonds,23,West Indies,Pace Bowler,36,10,40,120,105,3.3,8,15,13.1,78.2,98.6,126.5,134,16,27,43,24,8.3,8,7.8,8
Shamar Joseph,26,West Indies,Pace Bowler,43,20,35,70,45,4,5.8,8.8,7.5,84.6,95.1,109.8,118,21,32,45,24,8.6,8.2,7.9,8.2
Shai Hope,32,West Indies,WK,154,1430,1610,1790,930,29.2,32.2,35.8,36,126.7,132.5,138.9,144,0,0,0,0,0,0,0,0
Sherfane Rutherford,28,West Indies,Middle Order Batter,164,1390,1550,1740,900,27.3,30.4,34.1,34.6,139.6,145.2,151.7,157,0,0,0,0,0,0,0,0
Shamyl Springer,22,West Indies,Batting All-Rounder,45,260,390,620,450,16.3,24.4,38.8,37.5,116.1,128.5,145.2,153,11,18,25,14,8,7.7,7.5,7.8
Shimron Hetmyer,29,West Indies,Middle Order Batter,183,1590,1690,1810,880,28.4,31.3,33.5,32.6,137.8,142.7,148.5,153,0,0,0,0,0,0,0,0
Tagenarine Chanderpaul,30,West Indies,Middle Order Batter,42,140,190,250,120,10.8,14.6,19.2,17.1,91.5,98.7,106.2,112,0,0,0,0,0,0,0,0
Trevon Hinds,25,West Indies,Top Order Batter,32,80,170,390,310,6.7,14.2,32.5,31,89.5,105.4,133.8,141,0,0,0,0,0,0,0,0
Tevin Imlach,29,West Indies,WK,48,220,350,520,360,14.7,21.9,32.5,30,103.8,116.4,132.7,139,0,0,0,0,0,0,0,0
Voight Lawes,25,West Indies,Pace Bowler,27,15,35,90,80,3.8,5.8,11.3,11.4,81.1,95.2,119.7,128,11,20,34,20,8.1,7.8,7.6,7.9
Rivaldo Clarke,20,West Indies,WK,39,0,140,410,390,0,17.5,34.2,35.5,0,118.4,145.6,151,0,0,0,0,0,0,0,0
Kevlon Anderson,19,West Indies,Top Order Batter,52,210,330,540,410,15,23.6,38.6,34.2,105.2,119.3,143.8,149,0,0,0,0,0,0,0,0
Shaqkere Parris,23,West Indies,Middle Order Batter,35,160,300,520,430,11.4,21.4,37.1,35.8,101.3,118.7,145.2,152,0,0,0,0,0,0,0,0
Carlon Tuckett,22,West Indies,Pace Bowler,26,0,15,80,95,0,5,11.4,11.9,0,91.2,117.6,129,0,10,22,34,0,8.3,7.9,8.1
Giovonte Depeiza,20,West Indies,Top Order Batter,27,70,150,310,250,5.8,12.5,28.2,27.8,86.4,103.7,130.5,138,0,0,0,0,0,0,0,0
Mavendra Dindyal,24,West Indies,Middle Order Batter,42,150,280,510,390,10,20,36.4,32.5,98.7,114.3,140.2,147,0,0,0,0,0,0,0,0
Johann Jeremiah,20,West Indies,Top Order Batter,22,0,80,290,360,0,13.3,36.3,40,0,108.1,143.6,151,0,0,0,0,0,0,0,0
Johann Layne,23,West Indies,Pace Bowler,35,0,25,100,125,0,6.3,12.5,13.9,0,83.3,116.3,133,0,13,27,41,0,8.4,7.8,8
Nathan Edward,25,West Indies,Pace Bowler,34,25,55,125,100,5,9.2,15.6,14.3,86.2,105.8,124.8,132,17,29,43,25,8.3,7.9,7.7,8
Amari Goodridge,21,West Indies,Pace Bowler,25,0,15,70,80,0,3.8,10,10,0,81.2,115.7,127,0,8,19,25,0,8.5,8,8.1
Mbeki Joseph,23,West Indies,Pace Bowler,29,10,25,85,95,2.5,5,10.6,11.9,80,92.6,118.1,129,14,25,39,23,8.2,7.8,7.6,8
Zishan Motara,22,West Indies,Pace Bowler,23,0,10,55,90,0,5,11,12.9,0,77,109.5,126,0,6,17,27,0,8.6,8.1,7.8
Renico Smith,24,West Indies,Middle Order Batter,31,40,110,250,240,4,11,25,26.7,76.9,98.2,124.6,136,0,0,0,0,0,0,0,0
Kelvin Pittman,19,West Indies,Pace Bowler,28,0,20,75,85,0,5,9.4,10.6,0,88.1,116.8,128,0,9,21,36,0,8.4,8,8.1
Ainsley Ndlovu,27,Zimbabwe,Top Order Batter,38,512,548,601,438,21.33,22.83,24.04,21.9,121.8,125.6,128.7,130.2,0,0,0,0,0,0,0,0
Graeme Cremer,39,Zimbabwe,Spin Bowler,105,420,386,294,174,14,13.78,12.25,17.4,101.2,98.5,96.1,108.7,42,38,35,18,6.82,6.71,6.58,6.73
Brad Evans,29,Zimbabwe,Pace Bowler,62,642,714,683,421,19.45,21.63,20.08,21.05,137.4,142.1,145.7,148.2,48,51,44,28,8.31,8.12,8.45,8.27
Brandon Mavuta,29,Zimbabwe,Spin Bowler,49,354,427,382,251,14.16,17.08,15.28,15.69,118.8,124.6,129.3,132.1,35,39,34,23,7.34,7.28,7.61,7.42
Blessing Muzarabani,30,Zimbabwe,Pace Bowler,88,224,198,176,119,11.2,11,11.73,11.9,113.1,109.4,116.6,121.4,71,79,68,39,7.35,7.18,7.41,7.52
Brian Bennett,22,Zimbabwe,Batting All-Rounder,61,1124,1378,1492,1038,24.43,29.96,31.08,34.6,139.6,145.8,151.2,158.3,19,27,31,21,8.02,7.76,7.68,7.91
Ben Curran,30,Zimbabwe,Top Order Batter,48,684,792,911,623,20.73,24.75,28.46,31.15,126.8,132.9,137.4,143.7,0,0,0,0,0,0,0,0
Brendan Taylor,40,Zimbabwe,WK,92,871,784,602,188,25.61,24.5,21.5,18.8,125.4,122.1,119.7,116.4,0,0,0,0,0,0,0,0
Clive Madande,25,Zimbabwe,WK,64,842,1016,1084,798,20.54,24.19,27.1,28.5,128.7,134.8,141.6,145.9,0,0,0,0,0,0,0,0
Craig Ervine,40,Zimbabwe,Middle Order Batter,69,734,682,517,298,26.21,25.25,23.5,24.83,116.2,114.7,117.4,120.1,0,0,0,0,0,0,0,0
Dion Myers,24,Zimbabwe,Batting All-Rounder,58,736,843,914,711,23.74,27.19,30.47,32.32,132.5,138.1,144.7,150.6,17,21,25,18,8.21,7.96,7.88,8.05
Ernest Masuku,28,Zimbabwe,Pace Bowler,37,31,42,58,37,3.1,4.2,4.46,3.7,72.1,78.3,85.3,91.2,29,34,31,17,8.12,7.94,8.27,8.36
Innocent Kaia,34,Zimbabwe,Top Order Batter,56,711,623,547,284,23.7,22.25,21.04,20.28,119.8,121.4,124.7,128.5,0,0,0,0,0,0,0,0
John Campbell,32,Zimbabwe,Middle Order Batter,63,891,824,712,456,27,25.75,24.55,25.33,126.5,129.8,133.6,137.2,0,0,0,0,0,0,0,0
Joylord Gumbie,30,Zimbabwe,WK,42,504,621,578,319,18.67,21.41,22.23,22.78,108.9,116.2,121.7,126.4,0,0,0,0,0,0,0,0
Kundai Matigimu,29,Zimbabwe,Pace Bowler,31,24,31,42,28,4,5.17,7,7,66.7,72.1,79.2,83.4,22,27,25,14,7.68,7.49,7.82,7.96
Luke Jongwe,30,Zimbabwe,Bowling All-Rounder,79,739,682,615,374,17.6,17.05,16.18,17.81,126.9,129.7,132.1,136.5,64,59,51,28,8.24,8.39,8.51,8.63
Faraz Akram,28,Zimbabwe,Bowling All-Rounder,51,476,531,603,418,19.04,21.24,24.12,27.87,124.7,129.6,136.8,142.5,29,33,35,21,8.14,7.92,8.07,8.18
Milton Shumba,25,Zimbabwe,Middle Order Batter,51,517,594,661,493,17.23,21.21,23.6,24.65,113.4,119.8,127.6,133.1,0,0,0,0,0,0,0,0
Nathaniel Mayavo,29,Zimbabwe,WK,37,382,419,467,298,17.36,19.95,22.24,21.29,112.8,118.4,124.8,129.6,0,0,0,0,0,0,0,0
Nick Welch,28,Zimbabwe,Top Order Batter,58,812,936,1041,728,23.88,27.53,30.62,32.17,131.6,138.2,144.9,149.8,0,0,0,0,0,0,0,0
Newman Nyamhuri,20,Zimbabwe,Pace Bowler,27,16,21,29,18,4,4.2,4.83,6,70.4,76.2,81.7,88.1,18,25,27,15,7.91,7.62,7.84,8.02
Prince Masvaure,36,Zimbabwe,Middle Order Batter,47,488,527,463,271,19.52,21.08,19.29,19.36,111.7,116.3,120.1,124.7,0,0,0,0,0,0,0,0
Richard Ngarava,28,Zimbabwe,Pace Bowler,86,176,158,141,93,8.8,7.52,7.05,9.3,108.2,104.6,112.8,117.9,69,76,67,41,7.71,7.44,7.63,7.78
Richmond Mutumbami,35,Zimbabwe,WK,53,514,486,399,217,16.58,16.76,15.96,18.08,109.4,113.8,117.2,121.6,0,0,0,0,0,0,0,0
Ryan Burl,32,Zimbabwe,Batting All-Rounder,103,1254,1176,1068,786,20.56,22.61,23.73,26.2,130.7,134.5,138.9,145.2,57,61,54,32,7.46,7.34,7.58,7.69
Sean Williams,40,Zimbabwe,Batting All-Rounder,81,1008,927,718,397,27.24,25.75,23.16,24.81,123.8,126.1,129.4,133.7,24,27,22,13,7.21,7.08,7.42,7.56
Sikandar Raza,40,Zimbabwe,Batting All-Rounder,136,2187,2074,1961,1438,27.68,28.81,30.17,32.68,139.4,143.7,148.6,153.9,71,76,68,47,7.38,7.25,7.49,7.61
Tendekai Gwandu,25,Zimbabwe,Pace Bowler,28,18,25,34,22,3.6,5,5.67,5.5,68.4,74.6,82.9,89.1,16,22,24,13,8.17,7.93,8.11,8.25
Takudzwanashe Kaitano,32,Zimbabwe,Top Order Batter,46,536,574,621,402,19.14,20.5,22.18,22.33,115.6,120.7,126.3,131.5,0,0,0,0,0,0,0,0
Tadiwanashe Marumani,24,Zimbabwe,WK,64,823,964,1107,846,18.29,24.1,27.68,30.21,129.7,136.9,146.8,153.4,0,0,0,0,0,0,0,0
Tony Munyonga,30,Zimbabwe,Batting All-Rounder,44,428,501,532,347,17.83,20.04,22.17,24.79,118.5,124.8,131.6,138.2,16,19,21,13,8.34,8.17,8.25,8.41
Tashinga Musekiwa,25,Zimbabwe,Batting All-Rounder,31,386,477,559,411,17.55,22.71,27.95,34.25,121.3,132.6,143.7,153.6,8,11,14,8,8.73,8.51,8.42,8.58
Tafadzwa Tsiga,26,Zimbabwe,WK,29,292,371,438,336,14.6,18.55,21.9,28,108.1,115.7,125.9,137.8,0,0,0,0,0,0,0,0
Tanaka Chivanga,30,Zimbabwe,Pace Bowler,42,27,34,39,23,3.38,4.25,4.33,4.6,66.1,71.4,78,84.2,31,38,35,17,8.28,8.06,8.19,8.47
Tinotenda Maposa,29,Zimbabwe,Pace Bowler,36,19,27,35,26,3.8,5.4,5,6.5,71.7,78.3,83.3,90.4,24,31,29,18,8.16,7.89,8.04,8.29
Vincent Masekesa,24,Zimbabwe,Batting All-Rounder,24,217,288,371,294,13.56,18,23.19,29.4,112.6,121.8,134.2,148.7,7,9,13,8,8.61,8.43,8.25,8.38
Victor Nyauchi,34,Zimbabwe,Pace Bowler,49,42,36,31,19,4.67,4,3.88,4.75,69.2,72,76.5,82.6,35,41,32,16,8.11,7.78,8.09,8.31
Wessly Madhevere,25,Zimbabwe,Batting All-Rounder,78,1164,1087,1032,764,21.93,22.65,25.17,29.38,123.6,128.8,134.1,141.8,24,29,27,18,8.13,7.94,8.08,8.19
Wellington Masakadza,33,Zimbabwe,Spin Bowler,91,536,498,441,276,12.76,12.45,12.25,13.8,105.2,107.4,110.6,116.8,67,73,62,36,7.18,7.03,7.29,7.41
Antum Naqvi,18,Zimbabwe,Batting All-Rounder,43,794,963,1118,879,24.81,30.09,37.27,39.95,142.8,149.3,158.7,166.2,18,22,26,16,8.04,7.86,7.73,7.91
Panashe Taruvinga,24,Zimbabwe,Middle Order Batter,32,286,347,421,318,14.3,17.35,21.05,22.71,111.7,119.6,128.4,135.2,0,0,0,0,0,0,0,0
Kian Blignaut,18,Zimbabwe,Pace Bowler,18,12,19,28,24,3,3.8,4.67,6,65.2,73.1,81.4,89.7,10,16,19,11,8.42,8.15,8.03,8.21
Clive Chitumba,27,Zimbabwe,WK,22,241,296,352,247,15.06,18.5,22,24.7,109.8,117.3,128.2,136.4,0,0,0,0,0,0,0,0
Tapiwa Mufudza,28,Zimbabwe,Spin Bowler,26,174,221,287,214,10.24,13,17.88,17.83,98.3,105.7,117.6,125.4,14,19,24,14,7.83,7.57,7.64,7.79
Brian Mudzinganyama,25,Zimbabwe,Middle Order Batter,34,331,414,487,352,12.73,15.33,20.29,21.88,106.4,115.8,127.5,134.7,0,0,0,0,0,0,0,0
William Mashinge,29,Zimbabwe,Batting All-Rounder,39,356,427,481,329,14.83,17.79,20.04,21.93,113.7,121.4,128.8,135.6,12,15,18,11,8.52,8.27,8.34,8.46
Charlton Tshuma,26,Zimbabwe,Pace Bowler,21,15,22,31,19,3.75,4.4,5.17,4.75,64.8,72.3,80.1,87.5,13,19,21,12,8.36,8.09,8.27,8.43
Abdul Malik,29,Afghanistan,Middle Order Batter,58,820,1045,1125,875,25.63,32.66,35.16,31.25,128.4,134.7,139.2,136.1,0,0,0,0,0,0,0,0
Abdul Rahman,27,Afghanistan,Pace Bowler,47,52,68,91,72,8.67,11.33,13,12,112.5,118.2,124.7,121.5,28,34,39,27,8.41,8.12,8.56,8.74
Azmatullah Omarzai,26,Afghanistan,Bowling All-Rounder,92,1185,1450,1615,1325,25.76,30.85,33.65,31.55,142.8,148.6,153.2,150.7,41,48,52,39,8.31,7.94,8.18,8.47
Bashir Ahmad,26,Afghanistan,Bowling All-Rounder,44,315,425,565,470,18.53,24.99,28.25,26.11,124.5,131.2,137.8,134.6,21,27,31,23,8.72,8.38,8.61,8.84
Bilal Sami,25,Afghanistan,Pace Bowler,43,38,61,87,70,7.6,12.2,12.43,11.67,108.6,115.4,121.7,118.9,25,34,41,28,8.63,8.27,8.54,8.79
Darwish Rasooli,27,Afghanistan,Top Order Batter,78,1040,1325,1490,1210,27.37,33.13,35.48,32.7,130.6,137.8,143.5,140.2,0,0,0,0,0,0,0,0
Fareed Ahmad,31,Afghanistan,Pace Bowler,61,71,84,105,79,10.14,12,13.13,11.29,109.2,114.7,119.8,116.5,35,43,48,31,8.67,8.31,8.59,8.82
Fazalhaq Farooqi,25,Afghanistan,Pace Bowler,86,84,101,119,92,10.5,12.63,13.22,11.5,114.7,119.5,124.8,121.2,52,63,58,42,8.19,7.87,8.34,8.61
A M Ghazanfar,20,Afghanistan,Spin Bowler,45,63,91,128,104,10.5,13,16,14.86,116.7,121.8,127.4,124.9,32,45,51,37,7.36,7.18,7.62,7.91
Gulbadin Naib,35,Afghanistan,Batting All-Rounder,83,1050,1225,1180,910,25.61,29.17,28.78,27.58,128.9,134.5,138.7,135.2,29,35,32,24,8.74,8.42,8.69,8.91
Hashmatullah Shahidi,31,Afghanistan,Top Order Batter,35,390,475,520,410,27.86,31.67,34.67,32.5,117.2,121.8,126.5,123.4,0,0,0,0,0,0,0,0
Ibrahim Zadran,24,Afghanistan,Top Order Batter,87,1265,1540,1685,1390,32.44,38.5,42.13,40.88,125.8,132.7,137.9,135.4,0,0,0,0,0,0,0,0
Ikram Ali Khil,24,Afghanistan,WK,54,570,695,780,625,23.75,28.96,32.5,29.76,121.5,128.4,134.7,131.8,0,0,0,0,0,0,0,0
Karim Janat,27,Afghanistan,Bowling All-Rounder,96,980,1165,1290,1045,24.5,29.13,32.25,29.86,132.1,138.5,144.2,140.7,45,53,57,41,8.83,8.49,8.72,8.96
Mohammad Nabi,41,Afghanistan,Bowling All-Rounder,165,1680,1815,1650,1210,24.35,28.36,27.5,26.89,136.5,142.7,147.8,144.3,61,68,59,42,7.54,7.31,7.68,7.92
Mohammad Saleem,24,Afghanistan,Pace Bowler,39,46,72,108,86,7.67,12,15.43,14.33,110.4,116.8,123.5,120.1,22,31,38,27,8.91,8.48,8.73,8.97
Mujeeb Ur Rahman,25,Afghanistan,Spin Bowler,91,105,135,168,121,10.5,13.5,16.8,15.13,118.2,123.6,129.4,126.7,54,68,61,44,7.21,6.98,7.42,7.75
Najibullah Zadran,32,Afghanistan,WK,91,1165,1370,1515,1185,27.09,31.86,35.23,32.92,137.5,143.8,149.6,146.1,0,0,0,0,0,0,0,0
Nangeyalia Kharote,22,Afghanistan,Spin Bowler,42,245,325,430,355,17.5,21.67,26.88,23.67,121.5,127.4,133.8,130.6,26,36,43,31,7.82,7.51,7.84,8.03
Naveed Zadran,25,Afghanistan,Pace Bowler,46,45,69,98,81,7.5,11.5,14,13.5,108.7,114.2,120.6,117.8,28,37,44,30,8.76,8.39,8.63,8.88
Naveen-ul-Haq,26,Afghanistan,Pace Bowler,92,93,117,139,108,11.63,14.63,17.38,13.5,115.2,121.5,126.8,123.4,51,64,59,43,8.08,7.76,8.31,8.55
Noor Ahmad,21,Afghanistan,Spin Bowler,78,112,146,185,154,12.44,14.6,18.5,17.11,119.4,125.7,131.8,128.9,48,61,67,49,7.29,7.03,7.48,7.79
Qais Ahmad,25,Afghanistan,Spin Bowler,68,105,132,164,129,13.13,16.5,18.22,16.13,120.7,126.5,132.9,129.7,39,52,57,40,8.12,7.79,8.25,8.51
Rahmanullah Gurbaz,24,Afghanistan,WK,104,1715,2050,2245,1860,30.63,36.61,40.09,38.75,145.2,151.8,157.4,154.6,0,0,0,0,0,0,0,0
Rahmat Shah,33,Afghanistan,Top Order Batter,43,510,675,790,625,25.5,32.14,39.5,34.72,119.8,125.6,131.4,128.2,0,0,0,0,0,0,0,0
Rashid Khan,27,Afghanistan,Spin Bowler,185,395,485,560,445,19.75,24.25,25.45,22.25,139.6,145.8,151.2,148.3,82,96,88,63,6.87,6.54,7.01,7.28
Riaz Hassan,26,Afghanistan,Middle Order Batter,54,525,690,815,655,23.86,31.36,37.05,34.47,124.7,130.9,137.2,134.8,0,0,0,0,0,0,0,0
Sediqullah Atal,24,Afghanistan,Top Order Batter,61,785,1120,1485,1260,28.04,40,46.41,45,132.5,141.7,151.6,148.9,0,0,0,0,0,0,0,0
Shahidullah Kamal,30,Afghanistan,Middle Order Batter,72,730,925,1125,890,28.08,35.58,43.27,37.08,126.3,133.5,141.8,137.6,0,0,0,0,0,0,0,0
Sharafuddin Ashraf,30,Afghanistan,Batting All-Rounder,58,460,590,715,555,22,28.1,34.05,29.21,126.1,132.7,139.4,135.6,24,31,35,25,8.71,8.39,8.64,8.87
Zia-Ur-Rehman Abdul Malik,25,Afghanistan,Spin Bowler,41,91,125,164,131,11.38,13.89,16.4,14.56,116.4,122.8,128.7,125.3,29,39,45,32,7.94,7.61,7.97,8.21
Bahir Shah,25,Afghanistan,Top Order Batter,47,425,575,760,625,25,33.82,42.22,39.06,125.8,134.2,143.9,139.8,0,0,0,0,0,0,0,0
Munir Ahmad Kakar,27,Afghanistan,WK,49,410,555,685,545,21.58,29.21,36.05,32.06,123.7,130.6,138.5,135.1,0,0,0,0,0,0,0,0
Zubaid Akbari,23,Afghanistan,Middle Order Batter,57,430,655,925,780,21.5,32.75,44.05,39,130.5,138.8,149.2,145.7,0,0,0,0,0,0,0,0
Rohullah Arab,24,Afghanistan,Pace Bowler,37,31,52,79,64,7.75,10.4,13.17,10.67,106.8,112.5,119.1,115.4,21,29,36,25,8.88,8.54,8.79,9.02
Khatir Stanikzai,27,Afghanistan,Top Order Batter,51,365,510,715,575,20.28,28.33,39.72,33.82,121.9,129.6,139.8,135.3,0,0,0,0,0,0,0,0
Faridoon Dawoodzai,26,Afghanistan,Pace Bowler,40,43,65,96,77,7.17,10.83,13.71,12.83,108.5,114.7,121.2,117.6,24,34,41,28,8.73,8.37,8.62,8.86
Wafiullah Tarakhil,22,Afghanistan,Top Order Batter,53,395,565,845,710,18.81,26.9,40.24,35.5,134.2,141.6,151.8,147.5,0,0,0,0,0,0,0,0
Mohammad Ishaq,24,Afghanistan,WK,46,350,495,695,575,19.44,27.5,38.61,31.94,127.5,135.2,145.6,141.3,0,0,0,0,0,0,0,0
Azizullah Mia Khil,25,Afghanistan,Top Order Batter,38,285,410,575,465,18.13,25.63,35.94,31,122.8,130.5,141.2,137.4,0,0,0,0,0,0,0,0
Faisal Khan Ahmadzai,26,Afghanistan,Pace Bowler,35,34,55,84,68,6.8,11,12,11.33,105.4,112.1,118.7,115.2,20,28,35,24,8.92,8.51,8.76,9.01
Nazifullah Amiri,23,Afghanistan,Middle Order Batter,34,195,335,520,430,16.25,27.92,34.67,30.71,119.8,128.7,139.5,135.8,0,0,0,0,0,0,0,0
Wahidullah Zadran,22,Afghanistan,Top Order Batter,36,235,395,685,565,18.08,30.38,42.81,35.31,125.4,136.1,148.7,144.2,0,0,0,0,0,0,0,0
