Afghanistan,Australia,Bangladesh,England,India,Ireland,New Zealand,Pakistan,South Africa,Sri Lanka,Zimbabwe
Brandon King,Brandon King,Brandon King,Brandon King,Brandon King,Brandon King,Brandon King,Brandon King,Brandon King,Brandon King,Brandon King
Shai Hope,Shai Hope,Shai Hope,Shai Hope,Shai Hope,Shai Hope,Shai Hope,Shai Hope,Shai Hope,Shai Hope,Shai Hope
Keacy Carty,Keacy Carty,Keacy Carty,Keacy Carty,Keacy Carty,Keacy Carty,Keacy Carty,Keacy Carty,Keacy Carty,Keacy Carty,Keacy Carty
Sherfane Rutherford,Sherfane Rutherford,Sherfane Rutherford,Sherfane Rutherford,Sherfane Rutherford,Sherfane Rutherford,Sherfane Rutherford,Sherfane Rutherford,Sherfane Rutherford,Sherfane Rutherford,Sherfane Rutherford
Shimron Hetmyer,Shimron Hetmyer,Shimron Hetmyer,Shimron Hetmyer,Shimron Hetmyer,Shimron Hetmyer,Shimron Hetmyer,Shimron Hetmyer,Shimron Hetmyer,Shimron Hetmyer,Shimron Hetmyer
Roston Chase,Roston Chase,Roston Chase,Roston Chase,Roston Chase,Roston Chase,Roston Chase,Roston Chase,Roston Chase,Roston Chase,Roston Chase
Rovman Powell,Rovman Powell,Rovman Powell,Rovman Powell,Romario Shepherd,Justin Greaves,Justin Greaves,Romario Shepherd,Rovman Powell,Rovman Powell,Rovman Powell
Romario Shepherd,Romario Shepherd,Romario Shepherd,Romario Shepherd,Gudakesh Motie,Romario Shepherd,Romario Shepherd,Gudakesh Motie,Romario Shepherd,Romario Shepherd,Romario Shepherd
Gudakesh Motie,Gudakesh Motie,Gudakesh Motie,Gudakesh Motie,Alzarri Joseph,Gudakesh Motie,Gudakesh Motie,Alzarri Joseph,Gudakesh Motie,Gudakesh Motie,Akeal Hosein
Alzarri Joseph,Alzarri Joseph,Alzarri Joseph,Alzarri Joseph,Jayden Seales,Alzarri Joseph,Alzarri Joseph,Jayden Seales,Alzarri Joseph,Alzarri Joseph,Alzarri Joseph
Jayden Seales,Jayden Seales,Matthew Forde,Jayden Seales,Akeal Hosein,Matthew Forde,Jayden Seales,Matthew Forde,Jayden Seales,Jayden Seales,Matthew Forde
