Afghanistan,Australia,Bangladesh,England,India,Ireland,New Zealand,Pakistan,Sri Lanka,West Indies,Zimbabwe
Ryan Rickelton,Ryan Rickelton,Ryan Rickelton,Ryan Rickelton,Ryan Rickelton,Ryan Rickelton,Ryan Rickelton,Ryan Rickelton,Ryan Rickelton,Ryan Rickelton,Ryan Rickelton
Quinton de Kock,Quinton de Kock,Quinton de Kock,Quinton de Kock,Quinton de Kock,Quinton de Kock,Quinton de Kock,Quinton de Kock,Quinton de Kock,Quinton de Kock,Quinton de Kock
Aiden Markram,Aiden Markram,Aiden Markram,Aiden Markram,Aiden Markram,Aiden Markram,Aiden Markram,Aiden Markram,Aiden Markram,Aiden Markram,Aiden Markram
Dewald Brevis,Dewald Brevis,Dewald Brevis,Dewald Brevis,Dewald Brevis,Dewald Brevis,Dewald Brevis,Dewald Brevis,Dewald Brevis,Dewald Brevis,Dewald Brevis
Tristan Stubbs,Tristan Stubbs,Tristan Stubbs,Tristan Stubbs,Tristan Stubbs,David Miller,David Miller,David Miller,David Miller,David Miller,David Miller
David Miller,David Miller,David Miller,David Miller,David Miller,Tristan Stubbs,Tristan Stubbs,Tristan Stubbs,Tristan Stubbs,Tristan Stubbs,Tristan Stubbs
Marco Jansen,Marco Jansen,Marco Jansen,Marco Jansen,Marco Jansen,Marco Jansen,Marco Jansen,Marco Jansen,Marco Jansen,Marco Jansen,Marco Jansen
Keshav Maharaj,Corbin Bosch,Corbin Bosch,Corbin Bosch,Corbin Bosch,Corbin Bosch,Corbin Bosch,Corbin Bosch,Corbin Bosch,Corbin Bosch,Corbin Bosch
Kagiso Rabada,Kagiso Rabada,Kagiso Rabada,Kagiso Rabada,Keshav Maharaj,Kagiso Rabada,Kagiso Rabada,Keshav Maharaj,Keshav Maharaj,Kagiso Rabada,Kagiso Rabada
Gerald Coetzee,Gerald Coetzee,Keshav Maharaj,Gerald Coetzee,Kagiso Rabada,Keshav Maharaj,Keshav Maharaj,Kagiso Rabada,Kagiso Rabada,Gerald Coetzee,Gerald Coetzee
Lungi Ngidi,Anrich Nortje,Lungi Ngidi,Anrich Nortje,Anrich Nortje,Lungi Ngidi,Anrich Nortje,Lungi Ngidi,Anrich Nortje,Anrich Nortje,Lungi Ngidi
