Afghanistan,Australia,Bangladesh,England,India,Ireland,New Zealand,Pakistan,South Africa,Sri Lanka,West Indies
Brian Bennett,Brian Bennett,Brian Bennett,Brian Bennett,Brian Bennett,Brian Bennett,Brian Bennett,Brian Bennett,Brian Bennett,Brian Bennett,Brian Bennett
Tadiwanashe Marumani,Tadiwanashe Marumani,Tadiwanashe Marumani,Tadiwanashe Marumani,Tadiwanashe Marumani,Tadiwanashe Marumani,Tadiwanashe Marumani,Tadiwanashe Marumani,Tadiwanashe Marumani,Tadiwanashe Marumani,Tadiwanashe Marumani
Clive Madande,Clive Madande,Clive Madande,Clive Madande,Clive Madande,Clive Madande,Clive Madande,Clive Madande,Clive Madande,Clive Madande,Clive Madande
Sikandar Raza,Sikandar Raza,Sikandar Raza,Sikandar Raza,Sikandar Raza,Sikandar Raza,Sikandar Raza,Sikandar Raza,Sikandar Raza,Sikandar Raza,Sikandar Raza
Ryan Burl,Ryan Burl,Ryan Burl,Ryan Burl,Ryan Burl,Ryan Burl,Ryan Burl,Ryan Burl,Ryan Burl,Dion Myers,Ryan Burl
Wesley Madhevere,Wesley Madhevere,Wesley Madhevere,Wesley Madhevere,Wesley Madhevere,Wesley Madhevere,Wesley Madhevere,Wesley Madhevere,Wesley Madhevere,Wesley Madhevere,Wesley Madhevere
Tashinga Musekiwa,Tashinga Musekiwa,Tashinga Musekiwa,Tashinga Musekiwa,Tashinga Musekiwa,Tashinga Musekiwa,Tashinga Musekiwa,Tashinga Musekiwa,Tashinga Musekiwa,Tashinga Musekiwa,Tashinga Musekiwa
Bradley Evans,Bradley Evans,Bradley Evans,Bradley Evans,Bradley Evans,Bradley Evans,Bradley Evans,Bradley Evans,Bradley Evans,Bradley Evans,Bradley Evans
Richard Ngarava,Wellington Masakadza,Wellington Masakadza,Wellington Masakadza,Richard Ngarava,Wellington Masakadza,Wellington Masakadza,Wellington Masakadza,Richard Ngarava,Wellington Masakadza,Wellington Masakadza
Graeme Cremer,Graeme Cremer,Richard Ngarava,Graeme Cremer,Graeme Cremer,Graeme Cremer,Richard Ngarava,Graeme Cremer,Graeme Cremer,Richard Ngarava,Graeme Cremer
Blessing Muzarabani,Blessing Muzarabani,Blessing Muzarabani,Blessing Muzarabani,Blessing Muzarabani,Blessing Muzarabani,Blessing Muzarabani,Blessing Muzarabani,Blessing Muzarabani,Blessing Muzarabani,Blessing Muzarabani
