Afghanistan,Bangladesh,England,India,Ireland,New Zealand,Pakistan,South Africa,Sri Lanka,West Indies,Zimbabwe
Travis Head,Travis Head,Travis Head,Travis Head,Travis Head,Travis Head,David Warner,Travis Head,Travis Head,Travis Head,Travis Head
David Warner,Matt Short,Matthew Short,David Warner,Matt Short,Matt Short,Travis Head,Matt Short,Matt Short,Matt Short,Matt Short
Mitchell Marsh,Steven Smith,Steven Smith,Mitchell Marsh,Steven Smith,Steven Smith,Steven Smith,Steven Smith,Steven Smith,Steven Smith,Steven Smith
Steven Smith,Josh Inglis,Marnus Labuschagne,Steven Smith,Josh Inglis,Marnus Labuschagne,Marnus Labuschagne,Marnus Labuschagne,Josh Inglis,Josh Inglis,Josh Inglis
Marnus Labuschagne,Cameron Green,Josh Inglis,Marnus Labuschagne,Cameron Green,Josh Inglis,Josh Inglis,Josh Inglis,Marnus Labuschagne,Cameron Green,Cameron Green
Josh Inglis,Glenn Maxwell,Glenn Maxwell,Josh Inglis,Glenn Maxwell,Glenn Maxwell,Glenn Maxwell,Glenn Maxwell,Glenn Maxwell,Glenn Maxwell,Glenn Maxwell
Glenn Maxwell,Aaron Hardie,Aaron Hardie,Glenn Maxwell,Aaron Hardie,Cameron Green,Marcus Stoinis,Marcus Stoinis,Marcus Stoinis,Marcus Stoinis,Marcus Stoinis
Pat Cummins,Sean Abbott,Sean Abbott,Pat Cummins,Pat Cummins,Pat Cummins,Pat Cummins,Pat Cummins,Pat Cummins,Pat Cummins,Pat Cummins
Mitchell Starc,Adam Zampa,Adam Zampa,Mitchell Starc,Adam Zampa,Mitchell Starc,Mitchell Starc,Mitchell Starc,Adam Zampa,Adam Zampa,Adam Zampa
Adam Zampa,Nathan Ellis,Mitchell Starc,Adam Zampa,Nathan Ellis,Adam Zampa,Adam Zampa,Adam Zampa,Mitchell Starc,Mitchell Starc,Nathan Ellis
Josh Hazlewood,Spencer Johnson,Josh Hazlewood,Josh Hazlewood,Josh Hazlewood,Josh Hazlewood,Josh Hazlewood,Josh Hazlewood,Josh Hazlewood,Spencer Johnson,Josh Hazlewood
