player_name,role,Runs 2025,bat_avg,Wkts 2025,bowl_avg,strike_rate,highest_score,economy,Bowling SR,team,format,wickets,name_key,bbi_wkts,designation,role_sq,runs,innings,matches_played,centuries,five_wickets,batting_score,bowling_score,allrounder_score,is_wicketkeeper,is_batter,is_bowler,is_spin_bowler,is_pace_bowler,is_allrounder,is_batting_ar,is_bowling_ar,high_striker,power_hitter,elite_striker,experienced_batter,elite_batter,wicket_taker,economy_bowler,century_scorer,role_encoded,is_in_probable_11
Babar Azam,Batter,820,58.5,,0.0,89.5,151.0,0.0,0.0,Pakistan,ODI,0.0,babar azam,,,Batter,6501.0,137.0,140.0,20.0,0.0,100.0,0.0,28.031135977752395,0,1,0,0,0,0,0,0,0,0,0,1,1,0,0,1,1,1
Mushfiqur Rahim,Wicketkeeper,440,40.0,0.0,0.0,79.2,82.0,0.0,0.0,Bangladesh,ODI,0.0,mushfiqur rahim,,,,7795.0,256.0,274.0,9.0,0.0,87.30018125076657,0.0,24.10184795473869,1,0,0,0,0,0,0,0,0,0,0,1,0,0,0,1,7,1
Quinton de Kock,Wicketkeeper,353,70.6,,0.0,105.2,145.0,0.0,0.0,South Africa,ODI,0.0,quinton de kock,,,Wicketkeeper-Batter,0.0,0.0,0.0,0.0,0.0,79.31424522002207,0.0,21.63102192030792,1,0,0,0,0,0,0,0,0,0,0,1,1,0,0,0,7,1
Mahmudullah,Batting All-Rounder,310,38.75,5.0,33.2,86.8,75.0,5.25,37.9,Bangladesh,ODI,82.0,mahmudullah,,,,5689.0,209.0,239.0,4.0,0.0,76.18119625505935,39.810542259243164,56.748476577775946,0,0,0,0,0,1,1,0,0,0,0,1,0,1,1,1,2,1
Sikandar Raza,Batting All-Rounder,580,44.61,,32.4,88.5,115.0,4.8,40.5,Zimbabwe,ODI,15.0,sikandar raza,,Captain,All-Rounder,4476.0,144.0,153.0,7.0,0.0,75.50661633437359,8.807636672181914,28.43675516919848,0,0,0,0,0,1,1,0,0,0,0,1,0,1,1,1,2,1
Mohammad Nabi,Batting All-Rounder,340,30.9,14.0,32.2,171.0,136.0,4.8,40.3,Afghanistan,ODI,176.0,mohammad nabi,,,All-Rounder,3762.0,154.0,176.0,2.0,0.0,75.40031889232615,83.70132580011258,96.29227706011132,0,0,0,0,0,1,1,0,1,1,1,1,0,1,1,1,2,1
Virat Kohli,Batter,951,65.0,2.0,45.0,96.15,135.0,5.5,49.1,India,ODI,0.0,virat kohli,,,,0.0,0.0,0.0,0.0,0.0,72.12213303533709,1.4185651037665261,20.691680502508646,0,1,0,0,0,0,0,0,0,0,0,1,1,0,1,0,1,1
Fakhar Zaman,Batter,640,42.6,,0.0,92.4,142.0,0.0,0.0,Pakistan,ODI,0.0,fakhar zaman,,,Batter,3861.0,91.0,92.0,11.0,0.0,71.03394704206927,0.0,19.069121069590967,0,1,0,0,0,0,0,0,0,0,0,1,0,0,0,1,1,1
Dewald Brevis,Batter,520,47.0,,0.0,171.1,132.0,0.0,0.0,South Africa,ODI,0.0,rassie van der dussen,,,,0.0,0.0,0.0,0.0,0.0,70.27214870739586,0.0,18.833422818183664,0,1,0,0,0,0,0,0,1,1,1,1,1,0,0,0,1,1
Lhuan-dre Pretorius,Wicketkeeper,480,43.0,,0.0,188.5,115.0,0.0,0.0,South Africa,ODI,0.0,heinrich klaasen,,,Wicketkeeper-Batter,0.0,0.0,0.0,0.0,0.0,70.01321904087001,0.0,18.75331071126526,1,0,0,0,0,0,0,0,1,1,1,1,0,0,0,0,7,0
Matthew Breetzke,Batter,706,64.18,,0.0,88.5,124.0,0.0,0.0,South Africa,ODI,0.0,matthew breetzke,,,,0.0,0.0,0.0,0.0,0.0,69.77609397784107,0.0,18.679944887034722,0,1,0,0,0,0,0,0,0,0,0,1,1,0,0,0,1,1
Mohammad Rizwan,Wicketkeeper,550,45.8,,0.0,88.6,124.0,0.0,0.0,Pakistan,ODI,0.0,mohammad rizwan,,,,2979.0,94.0,103.0,4.0,0.0,68.50188746099019,0.0,18.285708992462574,1,0,0,0,0,0,0,0,0,0,0,1,1,0,0,1,7,1
Shubman Gill,Batter,490,44.55,2.0,0.0,88.76,101.0,0.0,0.0,India,ODI,0.0,shubman gill,,,,2953.0,61.0,61.0,8.0,0.0,67.20042518976818,0.0,17.883040244530598,0,1,0,0,0,0,0,0,0,0,0,1,0,0,0,1,1,1
Hardik Pandya,Batting All-Rounder,720,40.0,28.0,34.0,180.5,92.0,5.4,37.8,India,ODI,0.0,hardik pandya,,,All-Rounder,0.0,0.0,0.0,0.0,0.0,65.51601956963165,1.609003935114791,18.820393555747778,0,0,0,0,0,1,1,0,1,1,1,1,0,0,1,0,2,1
Glenn Phillips,Batting All-Rounder,760,38.0,18.0,36.0,182.2,88.0,5.25,41.1,New Zealand,ODI,0.0,glenn phillips,,,All-Rounder,0.0,0.0,0.0,0.0,0.0,63.95562763188377,1.6150210052834715,18.34306695654271,0,0,0,0,0,1,1,0,1,1,1,1,0,0,1,0,2,1
Rahmat Shah,Batter,510,36.42,4.0,38.0,76.5,114.0,5.25,43.4,Afghanistan,ODI,15.0,rahmat shah,,,,4034.0,120.0,125.0,5.0,0.0,62.8313277640742,8.559136674550732,24.28980048867949,0,1,0,0,0,0,0,0,0,0,0,1,0,1,1,1,1,1
Pathum Nissanka,Batter,840,56.0,,0.0,92.5,154.0,0.0,0.0,Sri Lanka,ODI,0.0,pathum nissanka,,,Batter,0.0,0.0,0.0,0.0,0.0,62.79044413251748,0.0,16.518604570909787,0,1,0,0,0,0,0,0,0,0,0,1,1,0,0,0,1,1
Sherfane Rutherford,Batter,350,38.8,,41.0,172.1,102.0,5.2,47.3,West Indies,ODI,2.0,sherfane rutherford,,,All-Rounder,0.0,0.0,0.0,0.0,0.0,62.654165360661764,2.4834159561554516,18.727566702641486,0,1,0,0,0,0,0,0,1,1,1,1,0,0,1,0,1,1
Dasun Shanaka,Batting All-Rounder,408,38.42,,31.08,173.7,104.0,5.24,34.39,Sri Lanka,ODI,5.0,dasun shanaka,,,All-Rounder,0.0,0.0,0.0,0.0,0.0,62.61873287997929,4.043448617726676,20.130716960668007,0,0,0,0,0,1,1,0,1,1,1,1,0,0,1,0,2,1
Towhid Hridoy,Batter,610,46.92,0.0,0.0,95.0,101.0,0.0,0.0,Bangladesh,ODI,0.0,towhid hridoy,,,,1459.0,45.0,50.0,1.0,0.0,62.5928399133267,0.0,16.457466384051006,0,1,0,0,0,0,0,0,0,0,0,1,1,0,0,0,1,1
A. Omarzai,Bowling All-Rounder,420,38.18,18.0,29.5,170.8,97.0,5.45,32.5,Afghanistan,ODI,0.0,a. omarzai,,,,0.0,0.0,0.0,0.0,0.0,61.79697188568937,1.6969115924598812,17.749415814506648,0,0,0,0,0,1,0,1,1,1,1,1,0,0,1,0,4,1
Travis Head,Batter,720,48.0,6.0,45.0,122.4,152.0,5.5,49.1,Australia,ODI,0.0,travis head,,,Batter,0.0,0.0,0.0,0.0,0.0,61.27093582632632,1.4185651037665261,17.33435075862554,0,1,0,0,0,0,0,0,0,0,0,1,1,0,1,0,1,1
Shai Hope,Wicketkeeper,654,55.83,,0.0,80.2,120.0,0.0,0.0,West Indies,ODI,0.0,shai hope,,,Wicketkeeper-Batter,0.0,0.0,0.0,0.0,0.0,60.11392905327138,0.0,15.690498370974286,1,0,0,0,0,0,0,0,0,0,0,1,1,0,0,0,7,1
Glenn Maxwell,Batting All-Rounder,700,35.0,20.0,42.0,175.2,201.0,4.95,50.9,Australia,ODI,0.0,glenn maxwell,,,All-Rounder,0.0,0.0,0.0,0.0,0.0,59.66284631842899,1.6190063374731172,17.01850511130309,0,0,0,0,0,1,1,0,1,1,1,1,0,0,1,0,2,1
Daryl Mitchell,Batting All-Rounder,910,52.0,10.0,42.0,94.2,145.0,5.45,46.2,New Zealand,ODI,0.0,daryl mitchell,,,Batter,0.0,0.0,0.0,0.0,0.0,59.32214938878971,1.468137171047136,16.776337022567574,0,0,0,0,0,1,1,0,0,0,0,1,1,0,1,0,2,1
Tristan Stubbs,Batting All-Rounder,410,34.0,,40.0,177.4,78.0,5.65,42.5,South Africa,ODI,6.0,tristan stubbs,,,Batter,0.0,0.0,0.0,0.0,0.0,59.15861486256286,4.233168745232579,19.232140634026724,0,0,0,0,0,1,1,0,1,1,1,1,0,0,1,0,2,1
Shimron Hetmyer,Batter,380,34.5,,0.0,173.2,126.0,0.0,0.0,West Indies,ODI,0.0,shimron hetmyer,,,Batter,0.0,0.0,0.0,0.0,0.0,58.77703430136687,0.0,15.276866913674528,0,1,0,0,0,0,0,0,1,1,1,1,0,0,0,0,1,1
Rohit Sharma,Batter,850,50.0,0.0,0.0,100.46,121.0,0.0,0.0,India,ODI,0.0,rohit sharma,,,,0.0,0.0,0.0,0.0,0.0,58.6939042505349,0.0,15.251146710927042,0,1,0,0,0,0,0,0,0,0,0,1,1,0,0,0,1,1
Ibrahim Zadran,Batter,640,42.66,0.0,0.0,82.4,129.0,0.0,0.0,Afghanistan,ODI,0.0,ibrahim zadran,,,Batter,1869.0,39.0,39.0,6.0,0.0,58.18831000695022,0.0,15.094717281102156,0,1,0,0,0,0,0,0,0,0,0,1,0,0,0,1,1,1
Jos Buttler,Wicketkeeper,820,45.5,0.0,0.0,118.5,162.0,0.0,0.0,England,ODI,0.0,jos buttler,,,Wicketkeeper-Batter,0.0,0.0,0.0,0.0,0.0,58.088826503495554,0.0,15.063937366338774,1,0,0,0,0,0,0,0,0,0,0,1,1,0,0,0,7,1
Liam Livingstone,Batting All-Rounder,680,34.0,22.0,38.0,172.0,95.0,5.95,38.3,England,ODI,0.0,liam livingstone,,,,0.0,0.0,0.0,0.0,0.0,58.054756810531615,1.3994565496282245,16.321952851615894,0,0,0,0,0,1,1,0,1,1,1,1,0,0,1,0,2,1
Shreyas Iyer,Batter,780,48.0,0.0,0.0,95.8,105.0,0.0,0.0,India,ODI,0.0,shreyas iyer,,,,0.0,0.0,0.0,0.0,0.0,55.833412829283574,0.0,14.366118750812674,0,1,0,0,0,0,0,0,0,0,0,1,1,0,0,0,1,0
Harry Tector,Batter,650,50.0,6.0,39.0,85.2,140.0,5.45,42.9,Ireland,ODI,0.0,harry tector,,,Batter,0.0,0.0,0.0,0.0,0.0,55.574483162757744,1.5096685275497577,15.654466352375643,0,1,0,0,0,0,0,0,0,0,0,1,1,0,1,0,1,1
Joe Root,Batter,780,48.0,4.0,45.0,92.4,133.0,5.4,50.0,England,ODI,0.0,joe root,,,,0.0,0.0,0.0,0.0,0.0,55.13839109281946,1.4459730023339121,15.461803017612347,0,1,0,0,0,0,0,0,0,0,0,1,1,0,1,0,1,1
Harry Brook,Batter,860,43.0,2.0,50.0,115.2,102.0,5.8,51.7,England,ODI,0.0,harry brook,,Captain,Batter,0.0,0.0,0.0,0.0,0.0,55.0293680753349,1.2916206285447829,15.288156781425997,0,1,0,0,0,0,0,0,0,0,0,1,0,0,1,0,1,1
KL Rahul,Wicketkeeper,720,46.0,0.0,0.0,90.5,108.0,0.0,0.0,India,ODI,0.0,kl rahul,,,,367.0,11.0,14.0,0.0,0.0,54.84266615789258,0.0,14.059584531182782,1,0,0,0,0,0,0,0,0,0,0,1,1,0,0,0,7,1
Marcus Stoinis,Batting All-Rounder,430,30.0,22.0,38.0,172.0,62.0,5.75,39.7,Australia,ODI,0.0,marcus stoinis,,,All-Rounder,0.0,0.0,0.0,0.0,0.0,54.2389511985718,1.4470423494061642,15.184488181033956,0,0,0,0,0,1,1,0,1,1,1,0,0,0,1,0,2,1
Litton Das,Wicketkeeper,420,32.3,0.0,0.0,85.6,95.0,0.0,0.0,Bangladesh,ODI,0.0,litton das,,,,2783.0,100.0,101.0,5.0,0.0,53.94186347592635,0.0,13.780878727640335,1,0,0,0,0,0,0,0,0,0,0,1,0,0,0,1,7,0
Rovman Powell,Batting All-Rounder,210,28.1,,39.0,175.6,95.0,5.6,41.8,West Indies,ODI,5.0,rovman powell,,Captain,All-Rounder,0.0,0.0,0.0,0.0,0.0,53.1623489009117,3.795417221671098,16.98010703225987,0,0,0,0,0,1,1,0,1,1,1,0,0,0,1,0,2,1
Rachin Ravindra,Batting All-Rounder,880,44.0,22.0,30.0,98.8,122.0,4.95,36.4,New Zealand,ODI,0.0,rachin ravindra,,,All-Rounder,0.0,0.0,0.0,0.0,0.0,52.63086169067444,1.8349693912867489,15.038591611748252,0,0,0,0,0,1,1,0,0,0,0,1,0,0,1,0,2,0
Devon Conway,Batter,850,46.0,0.0,0.0,89.4,138.0,0.0,0.0,New Zealand,ODI,0.0,devon conway,,,,0.0,0.0,0.0,0.0,0.0,52.61723381348887,0.0,13.371042054352504,0,1,0,0,0,0,0,0,0,0,0,1,1,0,0,0,1,1
Phil Salt,Wicketkeeper,750,37.5,0.0,0.0,128.5,122.0,0.0,0.0,England,ODI,0.0,phil salt,,,Wicketkeeper-Batter,0.0,0.0,0.0,0.0,0.0,52.50139685741152,0.0,13.335202427573218,1,0,0,0,0,0,0,0,0,0,0,1,0,0,0,0,7,0
Kusal Mendis,Wicketkeeper,620,44.28,,0.0,95.2,115.0,0.0,0.0,Sri Lanka,ODI,0.0,kusal mendis,,,Wicketkeeper-Batter,0.0,0.0,0.0,0.0,0.0,52.162062715490805,0.0,13.230213403243308,1,0,0,0,0,0,0,0,0,0,0,1,0,0,0,0,7,1
Pavan Rathnayake,Batter,218,43.6,,0.0,91.59,121.0,0.0,0.0,Sri Lanka,ODI,0.0,pavan rathnayake,,,All-Rounder,194.0,4.0,4.0,1.0,0.0,51.83294948145928,0.0,13.12838669892334,0,1,0,0,0,0,0,0,0,0,0,1,0,0,0,0,1,1
R. Gurbaz,Wicketkeeper,720,45.0,0.0,0.0,88.5,151.0,0.0,0.0,Afghanistan,ODI,0.0,r. gurbaz,,,,0.0,0.0,0.0,0.0,0.0,51.47930606849371,0.0,13.018970426579518,1,0,0,0,0,0,0,0,0,0,0,1,0,0,0,0,7,1
Cooper Connolly,Batting All-Rounder,670,44.6,3.0,48.0,88.5,105.0,5.4,53.3,Australia,ODI,0.0,cooper connolly,,,,0.0,0.0,0.0,0.0,0.0,49.09772550729773,1.4144783903194247,14.183083784705325,0,1,0,0,0,0,0,0,0,0,0,1,0,0,1,0,1,1
Suryakumar Yadav,Batter,650,36.0,0.0,0.0,125.0,88.0,0.0,0.0,India,ODI,0.0,suryakumar yadav,,Captain,Batter,0.0,0.0,0.0,0.0,0.0,50.35500620068412,0.0,12.671115225486453,0,1,0,0,0,0,0,0,0,0,0,1,0,0,0,0,1,0
Mehidy Hasan Miraz,Bowling All-Rounder,380,34.54,22.0,28.4,82.5,112.0,4.75,35.9,Bangladesh,ODI,128.0,mehidy hasan miraz,Mar-42,,,1827.0,89.0,120.0,2.0,0.0,50.23371809373254,61.48614734448422,68.36854920981736,0,0,0,0,0,1,0,1,0,0,0,1,0,1,1,1,4,1
Mitchell Marsh,Batter,640,40.0,18.0,32.0,105.7,96.0,5.6,34.3,Australia,ODI,0.0,mitchell marsh,,Captain,All-Rounder,0.0,0.0,0.0,0.0,0.0,50.22554136742121,1.5968510368135749,14.07854665980894,0,1,0,0,0,0,0,0,0,0,0,1,0,0,1,0,1,1
Soumya Sarkar,Batter,320,29.09,4.0,36.5,92.4,127.0,5.4,40.6,Bangladesh,ODI,17.0,soumya sarkar,,,,2364.0,76.0,81.0,3.0,0.0,49.985690728955156,9.470893067665104,21.14187076728432,0,1,0,0,0,0,0,0,0,0,0,0,0,1,1,1,1,1
Ben Duckett,Batter,700,41.0,0.0,0.0,98.0,107.0,0.0,0.0,England,ODI,0.0,ben duckett,,,,0.0,0.0,0.0,0.0,0.0,49.60547295547773,0.0,12.43921175809107,0,1,0,0,0,0,0,0,0,0,0,1,0,0,0,0,1,1
Aiden Markram,Batter,420,42.0,,38.0,92.4,112.0,5.45,41.8,South Africa,ODI,8.0,aiden markram,,Captain,All-Rounder,0.0,0.0,0.0,0.0,0.0,49.414682674879735,5.246179096264553,17.13565266159139,0,1,0,0,0,0,0,0,0,0,0,1,0,0,1,0,1,1
Ishan Kishan,Wicketkeeper,620,34.0,0.0,0.0,104.2,210.0,0.0,0.0,India,ODI,0.0,ishan kishan,,,Wicketkeeper-Batter,933.0,24.0,27.0,1.0,0.0,49.28112947846113,0.0,12.338860803109068,1,0,0,0,0,0,0,0,0,0,0,1,0,0,0,0,7,0
Rishabh Pant,Wicketkeeper,700,38.0,0.0,0.0,108.5,125.0,0.0,0.0,India,ODI,0.0,rishabh pant,,,,0.0,0.0,0.0,0.0,0.0,48.89000940323526,0.0,12.217849357395483,1,0,0,0,0,0,0,0,0,0,0,1,0,0,0,0,7,0
Tanzid Hasan,Batter,490,37.69,0.0,0.0,88.0,116.0,0.0,0.0,Bangladesh,ODI,0.0,tanzid hasan,,,,812.0,33.0,34.0,1.0,0.0,48.830046743618745,0.0,12.199297080003848,0,1,0,0,0,0,0,0,0,0,0,1,0,0,0,0,1,1
Andrew Balbirnie,Batter,580,44.61,0.0,0.0,76.4,114.0,0.0,0.0,Ireland,ODI,0.0,andrew balbirnie,,,Batter,0.0,0.0,0.0,0.0,0.0,48.63380531214653,0.0,12.138580535813059,0,1,0,0,0,0,0,0,0,0,0,1,0,0,0,0,1,1
Charith Asalanka,Batting All-Rounder,580,41.42,,28.5,90.8,108.0,5.45,31.4,Sri Lanka,ODI,8.0,charith asalanka,,,Batter,0.0,0.0,0.0,0.0,0.0,48.53432180869186,5.445092435303425,17.043579217933647,0,0,0,0,0,1,1,0,0,0,0,1,0,0,1,0,2,0
H. Shahidi,Batter,580,44.61,0.0,0.0,74.2,97.0,0.0,0.0,Afghanistan,ODI,0.0,h. shahidi,,,,0.0,0.0,0.0,0.0,0.0,48.18408536502269,0.0,11.999438455375834,0,1,0,0,0,0,0,0,0,0,0,1,0,0,0,0,1,1
Iftikhar Ahmed,Batting All-Rounder,310,34.4,,39.5,105.4,74.0,5.4,43.9,Pakistan,ODI,6.0,iftikhar ahmed,,,,614.0,24.0,28.0,1.0,0.0,48.16909470011857,4.307045370886655,15.898980638249107,0,0,0,0,0,1,1,0,0,0,0,1,0,0,1,0,2,1
Will Jacks,Batting All-Rounder,650,36.0,18.0,35.0,114.0,94.0,5.85,35.9,England,ODI,0.0,will jacks,,,All-Rounder,0.0,0.0,0.0,0.0,0.0,48.106406465064936,1.4739918776040568,13.311524943922933,0,0,0,0,0,1,1,0,0,0,0,1,0,0,1,0,2,1
Paul Stirling,Batter,620,41.33,0.0,0.0,88.5,128.0,0.0,0.0,Ireland,ODI,0.0,paul stirling,,Captain,Batter,0.0,0.0,0.0,0.0,0.0,47.97830441952057,0.0,11.9357704125091,0,1,0,0,0,0,0,0,0,0,0,1,0,0,0,0,1,1
Janith Liyanage,Batting All-Rounder,390,39.0,,42.0,94.0,101.0,5.6,45.0,Sri Lanka,ODI,5.0,janith liyanage,,,,0.0,0.0,0.0,0.0,0.0,46.87989751836356,3.7538858651684768,14.998687666033636,0,0,0,0,0,1,1,0,0,0,0,1,0,0,1,0,2,1
Najmul Shanto,Batter,550,42.3,2.0,41.0,78.5,122.0,5.1,48.2,Bangladesh,ODI,0.0,najmul shanto,,,,0.0,0.0,0.0,0.0,0.0,46.85945570258521,1.583807936539393,13.025266173028772,0,1,0,0,0,0,0,0,0,0,0,1,0,0,1,0,1,0
Brydon Carse,Bowling All-Rounder,205,37.0,20.0,36.0,102.5,54.0,5.6,38.6,England,ODI,0.0,brydon carse,,,All-Rounder,0.0,0.0,0.0,0.0,0.0,46.70954905354393,1.518114506777355,12.919336770610784,0,0,0,0,0,1,0,1,0,0,0,1,0,0,1,0,4,1
Matthew Short,Batter,520,37.0,10.0,34.0,102.5,88.0,5.25,38.9,Australia,ODI,0.0,matthew short,,,,0.0,0.0,0.0,0.0,0.0,46.70954905354393,1.6520734900063982,13.040765725240718,0,1,0,0,0,0,0,0,0,0,0,1,0,0,1,0,1,1
Tom Latham,Wicketkeeper,700,40.0,0.0,0.0,85.6,110.0,0.0,0.0,New Zealand,ODI,0.0,tom latham,,,,0.0,0.0,0.0,0.0,0.0,46.1167363959716,0.0,11.359806528032578,1,0,0,0,0,0,0,0,0,0,0,1,0,0,0,0,7,1
Salman Ali Agha,Batting All-Rounder,380,38.0,,36.4,94.2,85.0,5.25,41.6,Pakistan,ODI,11.0,salman ali agha,,Captain,All-Rounder,0.0,0.0,0.0,0.0,0.0,45.96682974693032,6.724762233655999,17.409178642497032,0,0,0,0,0,1,1,0,0,0,0,1,0,1,1,0,2,1
Alex Carey,Wicketkeeper,610,38.0,0.0,0.0,92.4,67.0,0.0,0.0,Australia,ODI,0.0,alex carey,,,,0.0,0.0,0.0,0.0,0.0,45.59887706291991,0.0,11.199582314195773,1,0,0,0,0,0,0,0,0,0,0,1,0,0,0,0,7,1
Brian Bennett,Batter,390,39.0,,38.5,85.4,94.0,5.2,44.4,Zimbabwe,ODI,4.0,brian bennett,,,Batter,0.0,0.0,0.0,0.0,0.0,45.12190136142493,3.4496323751534677,14.178973882199102,0,1,0,0,0,0,0,0,0,0,0,1,0,0,1,0,1,1
Josh Inglis,Wicketkeeper,480,34.0,0.0,0.0,108.5,110.0,0.0,0.0,Australia,ODI,0.0,josh inglis,,,Wicketkeeper-Batter,0.0,0.0,0.0,0.0,0.0,45.07420379127543,0.0,11.037249887019005,1,0,0,0,0,0,0,0,0,0,0,1,0,0,0,0,7,1
Keacy Carty,Batter,440,40.0,,0.0,78.6,88.0,0.0,0.0,West Indies,ODI,0.0,keacy carty,,,,0.0,0.0,0.0,0.0,0.0,44.68580929148667,0.0,10.917081726641399,0,1,0,0,0,0,0,0,0,0,0,1,0,0,0,0,1,0
Saud Shakeel,Batter,290,36.25,,0.0,85.0,92.0,0.0,0.0,Pakistan,ODI,0.0,saud shakeel,,,,408.0,16.0,19.0,0.0,0.0,44.64083729677428,0.0,10.903167518597677,0,1,0,0,0,0,0,0,0,0,0,1,0,0,0,0,1,1
Wanindu Hasaranga,Bowling All-Rounder,280,25.45,,22.1,115.4,64.0,4.85,27.3,Sri Lanka,ODI,32.0,wanindu hasaranga,,Captain,All-Rounder,1135.0,57.0,69.0,0.0,0.0,44.51546082666703,17.02391235983046,26.29593485780558,0,0,0,0,0,1,0,1,0,0,0,0,0,1,1,0,4,1
Cameron Green,Batting All-Rounder,510,36.0,14.0,40.0,95.5,58.0,5.4,44.4,Australia,ODI,0.0,cameron green,,,All-Rounder,0.0,0.0,0.0,0.0,0.0,44.32467054606904,1.5089622263628883,12.173165891722874,0,0,0,0,0,1,1,0,0,0,0,1,0,0,1,0,2,0
Lorcan Tucker,Wicketkeeper,410,37.27,0.0,0.0,89.0,95.0,0.0,0.0,Ireland,ODI,0.0,lorcan tucker,,,Wicketkeeper-Batter,0.0,0.0,0.0,0.0,0.0,44.207470802273136,0.0,10.769085150176348,1,0,0,0,0,0,0,0,0,0,0,1,0,0,0,0,7,1
Clive Madande,Wicketkeeper,420,38.18,,0.0,84.6,120.0,0.0,0.0,Zimbabwe,ODI,0.0,clive madande,,,Wicketkeeper-Batter,0.0,0.0,0.0,0.0,0.0,44.176126684746315,0.0,10.75938736881254,1,0,0,0,0,0,0,0,0,0,0,1,0,0,0,0,7,1
Ravindra Jadeja,Bowling All-Rounder,650,37.0,35.0,29.0,88.5,77.0,4.85,35.9,India,ODI,0.0,ravindra jadeja,,,,0.0,0.0,0.0,0.0,0.0,43.84769484457406,1.894940576421563,12.375466318485056,0,0,0,0,0,1,0,1,0,0,0,1,0,0,1,0,4,1
Kamil Mishara,Batter,510,36.42,,0.0,88.4,112.0,0.0,0.0,Sri Lanka,ODI,0.0,kamil mishara,,,Batter,0.0,0.0,0.0,0.0,0.0,43.27396121506153,0.0,10.480259922602102,0,1,0,0,0,0,0,0,0,0,0,1,0,0,0,0,1,0
Imam-ul-Haq,Batter,490,37.6,,0.0,82.1,115.0,0.0,0.0,Pakistan,ODI,0.0,imam-ul-haq,,,,0.0,3.0,0.0,0.0,0.0,43.111789476553234,0.0,10.430084445111103,0,1,0,0,0,0,0,0,0,0,0,1,0,0,0,0,1,0
Mitchell Santner,Bowling All-Rounder,650,36.0,30.0,29.0,88.5,75.0,4.65,37.4,New Zealand,ODI,0.0,mitchell santner,,Captain,All-Rounder,0.0,0.0,0.0,0.0,0.0,42.89374344158411,1.96712898901009,12.145752625947836,0,0,0,0,0,1,0,1,0,0,0,1,0,0,1,0,4,1
Axar Patel,Bowling All-Rounder,580,35.0,32.0,30.0,92.4,64.0,4.75,37.9,India,ODI,0.0,axar patel,,,All-Rounder,0.0,0.0,0.0,0.0,0.0,42.737022853950045,1.9042103981938303,12.040230300947773,0,0,0,0,0,1,0,1,0,0,0,1,0,0,1,0,4,1
Sam Curran,Bowling All-Rounder,520,32.0,30.0,34.0,105.4,95.0,5.75,35.5,England,ODI,0.0,sam curran,,,All-Rounder,0.0,0.0,0.0,0.0,0.0,42.53260469616648,1.517247057302236,11.626215681761948,0,0,0,0,0,1,0,1,0,0,0,1,0,0,1,0,4,1
Michael Bracewell,Batting All-Rounder,600,35.0,28.0,32.0,91.0,62.0,5.15,37.3,New Zealand,ODI,0.0,michael bracewell,,,All-Rounder,0.0,0.0,0.0,0.0,0.0,42.45083743305305,1.72386440864198,11.788208248987388,0,0,0,0,0,1,1,0,0,0,0,1,0,0,1,0,2,0
Kamindu Mendis,Batting All-Rounder,310,34.44,,36.25,92.6,85.0,5.75,37.8,Sri Lanka,ODI,4.0,kamindu mendis,,,All-Rounder,0.0,0.0,0.0,0.0,0.0,42.24369369983238,3.336455259480959,13.18587362118079,0,0,0,0,0,1,1,0,0,0,0,1,0,0,1,0,2,0
Brandon King,Batter,510,36.4,,0.0,82.4,115.0,0.0,0.0,West Indies,ODI,0.0,brandon king,,,Batter,0.0,0.0,0.0,0.0,0.0,42.028373240300354,0.0,10.09487852405778,0,1,0,0,0,0,0,0,0,0,0,1,0,0,0,0,1,0
Marnus Labuschagne,Batter,580,36.0,4.0,50.0,84.1,92.0,5.8,51.7,Australia,ODI,0.0,marnus labuschagne,,,,0.0,0.0,0.0,0.0,0.0,41.99430354733643,1.2916206285447829,11.255144662086355,0,1,0,0,0,0,0,0,0,0,0,1,0,0,1,0,1,0
Saim Ayub,Batter,711,28.0,,35.5,99.4,82.0,8.25,25.8,Pakistan,ODI,4.0,saim ayub,,,Batter,751.0,17.0,17.0,3.0,0.0,41.584104444050745,2.920677870623183,12.604911462560018,0,1,0,0,0,0,0,0,0,0,0,0,0,0,0,1,1,0
Curtis Campher,Bowling All-Rounder,390,35.45,16.0,29.5,84.5,101.0,5.85,30.3,Ireland,ODI,0.0,curtis campher,,,All-Rounder,0.0,0.0,0.0,0.0,0.0,41.55139753880538,1.5947847721099868,11.392918084108768,0,0,0,0,0,1,0,1,0,0,0,1,0,0,1,0,4,1
Connor Esterhuizen,Batter,230,28.75,,45.0,115.2,85.0,5.8,46.6,South Africa,ODI,4.0,dewald brevis,,,Batter,0.0,0.0,0.0,0.0,0.0,41.43556058272803,3.2026167790854054,12.814519795875288,0,1,0,0,0,0,0,0,0,0,0,0,0,0,1,0,1,0
Craig Ervine,Batter,440,36.66,,0.0,78.2,102.0,0.0,0.0,Zimbabwe,ODI,0.0,craig ervine,,,Batter,0.0,0.0,0.0,0.0,0.0,41.417844342386786,0.0,9.905982608797544,0,1,0,0,0,0,0,0,0,0,0,1,0,0,0,0,1,1
Gulbadin Naib,Bowling All-Rounder,280,25.45,10.0,34.8,94.5,82.0,5.65,37.0,Afghanistan,ODI,74.0,gulbadin naib,,,All-Rounder,1332.0,78.0,89.0,0.0,0.0,41.31699805121356,35.94815950373702,42.46048246674152,0,0,0,0,0,1,0,1,0,0,0,0,0,1,1,0,4,0
Jimmy Neesham,Bowling All-Rounder,520,31.0,26.0,34.0,102.4,74.0,5.8,35.2,New Zealand,ODI,0.0,jimmy neesham,,,,0.0,0.0,0.0,0.0,0.0,40.96539881982584,1.5050429405488424,11.130264024831199,0,0,0,0,0,1,0,1,0,0,0,1,0,0,1,0,4,1
Ryan Burl,Batting All-Rounder,340,30.9,,35.2,102.5,75.0,5.5,38.4,Zimbabwe,ODI,11.0,ryan burl,,,All-Rounder,0.0,0.0,0.0,0.0,0.0,40.890445495305194,6.675522405681299,15.79392558792646,0,0,0,0,0,1,1,0,0,0,0,1,0,1,1,0,2,1
Sadeera Samarawickrama,Batter,440,33.84,,0.0,86.5,92.0,0.0,0.0,Sri Lanka,ODI,0.0,sadeera samarawickrama,,,,0.0,0.0,0.0,0.0,0.0,40.42437209555868,0.0,9.598605103831673,0,1,0,0,0,0,0,0,0,0,0,1,0,0,0,0,1,0
Tim Seifert,Wicketkeeper,657,32.0,0.0,0.0,95.0,55.0,0.0,0.0,New Zealand,ODI,0.0,tim seifert,,,Wicketkeeper-Batter,0.0,0.0,0.0,0.0,0.0,40.40665585521743,0.0,9.593123749147782,1,0,0,0,0,0,0,0,0,0,0,1,0,0,0,0,7,0
Mark Chapman,Batter,620,33.0,4.0,45.0,88.5,82.0,5.4,50.0,New Zealand,ODI,0.0,mark chapman,,,Batter,0.0,0.0,0.0,0.0,0.0,40.03188923261424,1.4459730023339121,10.787894042925476,0,1,0,0,0,0,0,0,0,0,0,1,0,0,1,0,1,1
George Dockrell,Bowling All-Rounder,320,32.0,12.0,31.4,92.1,74.0,5.15,36.6,Ireland,ODI,0.0,george dockrell,,,All-Rounder,0.0,0.0,0.0,0.0,0.0,39.8138431976451,1.7374050857819667,10.984603818627818,0,0,0,0,0,1,0,1,0,0,0,1,0,0,1,0,4,1
Rashid Khan,Bowling All-Rounder,210,21.0,28.0,22.4,105.4,60.0,4.35,30.9,Afghanistan,ODI,210.0,rashid khan,17-May,Captain,All-Rounder,1393.0,89.0,117.0,0.0,0.0,39.632592431077015,100.0,100.0,0,0,0,0,0,1,0,1,0,0,0,0,0,1,1,0,4,1
Jamie Overton,Bowling All-Rounder,354,28.0,24.0,37.0,108.2,64.0,5.3,41.9,England,ODI,0.0,jamie overton,,,,0.0,0.0,0.0,0.0,0.0,39.289169926000625,1.5833694946801224,10.682643720708583,0,0,0,0,0,1,0,1,0,0,0,0,0,0,1,0,4,0
Sahibzada Farhan,Batter,805,30.9,,0.0,91.1,110.0,0.0,0.0,Pakistan,ODI,0.0,sahibzada farhan,,,Batter,64.0,3.0,3.0,0.0,0.0,38.908952152523206,0.0,9.129738457025017,0,1,0,0,0,0,0,0,0,0,0,1,0,0,0,0,1,0
Tony de Zorzi,Batter,256,32.0,,0.0,86.8,110.0,0.0,0.0,South Africa,ODI,0.0,tony de zorzi,,,,0.0,0.0,0.0,0.0,0.0,38.730426961392226,0.0,9.074503267518114,0,1,0,0,0,0,0,0,0,0,0,1,0,0,0,0,1,0
Wiaan Mulder,Bowling All-Rounder,380,31.0,,30.0,91.2,52.0,5.25,34.3,South Africa,ODI,28.0,wiaan mulder,,,,0.0,0.0,0.0,0.0,0.0,38.67591545264994,14.765232852563516,22.441785058311048,0,0,0,0,0,1,0,1,0,0,0,1,0,1,1,0,4,1
Jacob Bethell,Batting All-Rounder,480,30.0,16.0,33.0,95.0,72.0,5.5,36.0,England,ODI,0.0,jacob bethell,,,All-Rounder,0.0,0.0,0.0,0.0,0.0,38.49875304923752,1.60180648275991,10.454803433573527,0,0,0,0,0,1,1,0,0,0,0,0,0,0,1,0,2,0
Afif Hossain,Batter,210,26.25,1.0,55.0,90.0,62.0,5.5,60.0,Bangladesh,ODI,4.0,afif hossain,,,,713.0,33.0,38.0,0.0,0.0,37.786015072432164,3.187549185587275,11.671702504548914,0,1,0,0,0,0,0,0,0,0,0,0,0,0,1,0,1,0
Marco Jansen,Bowling All-Rounder,350,29.0,,32.0,95.8,64.0,5.15,37.3,South Africa,ODI,30.0,marco jansen,,,All-Rounder,0.0,0.0,0.0,0.0,0.0,37.70833617247441,15.67840019352279,22.97017180412458,0,0,0,0,0,1,0,1,0,0,0,0,0,1,1,0,4,1
Roston Chase,Batting All-Rounder,280,31.1,,35.2,85.5,82.0,4.9,43.1,West Indies,ODI,11.0,roston chase,,,,0.0,0.0,0.0,0.0,0.0,37.606127093582636,6.856750143147284,14.942043122219282,0,0,0,0,0,1,1,0,0,0,0,1,0,1,1,0,2,1
Shadab Khan,Bowling All-Rounder,210,23.3,,34.2,96.8,68.0,5.35,38.4,Pakistan,ODI,16.0,shadab khan,,,All-Rounder,855.0,44.0,70.0,0.0,0.0,37.13596533068044,9.061610930995583,16.79520265376334,0,0,0,0,0,1,0,1,0,0,0,0,0,1,1,0,4,1
Matt Renshaw,Batter,450,32.0,6.0,36.0,78.2,74.0,6.1,35.4,Australia,ODI,0.0,matt renshaw,,,,0.0,0.0,0.0,0.0,0.0,36.97243080445359,1.3989671725485229,9.798697175230995,0,1,0,0,0,0,0,0,0,0,0,1,0,0,1,0,1,0
Tadiwanashe Marumani,Batter,310,28.18,,0.0,92.1,88.0,0.0,0.0,Zimbabwe,ODI,0.0,tadiwanashe marumani,,,,0.0,0.0,0.0,0.0,0.0,36.16974883822347,0.0,8.282236694361899,0,1,0,0,0,0,0,0,0,0,0,0,0,0,0,0,1,1
Romario Shepherd,Bowling All-Rounder,197,24.0,,31.5,110.2,64.0,5.8,32.6,West Indies,ODI,18.0,romario shepherd,,,All-Rounder,0.0,0.0,0.0,0.0,0.0,35.88220062960792,9.930696532510082,17.195085942973716,0,0,0,0,0,1,0,1,0,0,0,0,0,1,1,0,4,1
Stephen Doheny,Batter,340,30.9,0.0,0.0,74.0,82.0,0.0,0.0,Ireland,ODI,0.0,stephen doheny,,,,0.0,0.0,0.0,0.0,0.0,35.06452799847368,0.0,7.940284490620713,0,1,0,0,0,0,0,0,0,0,0,1,0,0,0,0,1,0
Haseebullah Khan,Wicketkeeper,140,28.0,,0.0,84.0,62.0,0.0,0.0,Pakistan,ODI,0.0,haseebullah khan,,,,0.0,2.0,2.0,0.0,0.0,34.34225050763842,0.0,7.716813876585166,1,0,0,0,0,0,0,0,0,0,0,0,0,0,0,0,7,0
Ryan Rickelton,Wicketkeeper,266,26.6,,0.0,90.4,95.0,0.0,0.0,South Africa,ODI,0.0,ryan rickelton,,,Batter,0.0,0.0,0.0,0.0,0.0,34.314994753267285,0.0,7.708381023225335,1,0,0,0,0,0,0,0,0,0,0,0,0,0,0,0,7,0
Gareth Delany,Bowling All-Rounder,210,23.33,9.0,36.5,105.6,58.0,5.6,39.1,Ireland,ODI,0.0,gareth delany,,,All-Rounder,0.0,0.0,0.0,0.0,0.0,34.30272966380027,1.5094858459514677,9.072880353458576,0,0,0,0,0,1,0,1,0,0,0,0,0,0,1,0,4,1
Richmond Mutumbami,Wicketkeeper,280,25.45,,0.0,95.0,66.0,0.0,0.0,Zimbabwe,ODI,0.0,richmond mutumbami,,,,0.0,0.0,0.0,0.0,0.0,34.158274165633216,0.0,7.6598921164063,1,0,0,0,0,0,0,0,0,0,0,0,0,0,0,0,7,0
Mark Adair,Spin Bowler,140,20.0,24.0,25.4,115.2,44.0,5.4,28.2,Ireland,ODI,0.0,mark adair,,,All-Rounder,0.0,0.0,0.0,0.0,0.0,33.08848580656591,1.8348198656308972,8.992100213170549,0,0,1,1,0,0,0,0,0,0,0,0,0,0,1,0,6,1
Ikram Alikhil,Wicketkeeper,190,27.14,0.0,0.0,78.0,58.0,0.0,0.0,Afghanistan,ODI,0.0,ikram alikhil,,,,0.0,1.0,0.0,0.0,0.0,32.29534335436569,0.0,7.083506589261787,1,0,0,0,0,0,0,0,0,0,0,0,0,0,0,0,7,0
Dunith Wellalage,Bowling All-Rounder,220,24.44,,27.8,88.2,52.0,5.15,32.4,Sri Lanka,ODI,19.0,dunith wellalage,,,All-Rounder,0.0,0.0,0.0,0.0,0.0,31.804739775685142,10.66879609525483,16.602591535688813,0,0,0,0,0,1,0,1,0,0,0,0,0,1,1,0,4,0
Luke Jongwe,Pace Bowler,120,24.0,,36.5,88.0,55.0,5.7,38.4,Zimbabwe,ODI,10.0,luke jongwe,,,All-Rounder,0.0,0.0,0.0,0.0,0.0,31.344117526812845,6.135496064111883,12.350804426823156,0,0,1,0,1,0,0,0,0,0,0,0,0,0,1,0,5,1
Tony Munyonga,Batting All-Rounder,210,23.33,,39.0,90.5,52.0,5.8,40.3,Zimbabwe,ODI,6.0,tony munyonga,,,,0.0,0.0,0.0,0.0,0.0,31.216015481268485,4.210444363549019,10.566180542588082,0,0,0,0,0,1,1,0,0,0,0,0,0,0,1,0,2,0
Rishad Hossain,Spin Bowler,140,17.5,18.0,26.5,110.5,48.0,5.35,29.7,Bangladesh,ODI,29.0,rishad hossain,Jun-35,,,182.0,15.0,19.0,0.0,0.0,30.73495141661784,15.301234640368374,20.47073939187861,0,0,1,1,0,0,0,0,0,0,0,0,0,1,1,0,6,1
Mohammad Wasim Jr,Pace Bowler,85,21.25,,30.6,92.1,35.0,5.45,33.7,Pakistan,ODI,14.0,mohammad wasim jr,,,,0.0,0.0,0.0,0.0,0.0,29.558865615503073,8.181395930582642,13.65298647994258,0,0,1,0,1,0,0,0,0,0,0,0,0,1,1,0,5,1
Andy McBrine,Spin Bowler,120,24.0,21.0,27.8,72.8,38.0,4.85,34.4,Ireland,ODI,0.0,andy mcbrine,,,,0.0,0.0,0.0,0.0,0.0,28.236961528502704,1.9286931747600868,7.576145061574949,0,0,1,1,0,0,0,0,0,0,0,0,0,0,1,0,6,1
Rehan Ahmed,Spin Bowler,140,20.0,26.0,31.0,88.0,45.0,5.65,32.9,England,ODI,12.0,rehan ahmed,,,Bowler,99.0,7.0,9.0,0.0,0.0,28.067975851401627,7.188660648865096,12.29183091165898,0,0,1,1,0,0,0,0,0,0,0,0,0,1,1,0,6,1
Gudakesh Motie,Spin Bowler,110,22.0,,26.8,75.4,34.0,4.8,33.5,West Indies,ODI,19.0,gudakesh motie,,,Bowler,0.0,0.0,0.0,0.0,0.0,26.860545932760054,10.814485081377574,15.20493371258554,0,0,1,1,0,0,0,0,0,0,0,0,0,1,1,0,6,1
Keshav Maharaj,Bowling All-Rounder,120,20.0,,28.0,82.5,28.0,4.85,34.6,South Africa,ODI,34.0,keshav maharaj,,,Bowler,0.0,0.0,0.0,0.0,0.0,26.40401204704343,17.738007389578478,21.339605017917528,0,0,0,0,0,1,0,1,0,0,0,0,0,1,1,0,4,1
Wesley Madhevere,Batting All-Rounder,180,20.0,,41.0,82.3,48.0,5.3,46.4,Zimbabwe,ODI,7.0,wesley madhevere,,,,0.0,0.0,0.0,0.0,0.0,26.36312841548672,4.779635832223466,9.580662402510598,0,0,0,0,0,1,1,0,0,0,0,0,0,0,1,0,2,0
Shaheen Afridi,Pace Bowler,110,18.3,,24.8,85.5,44.0,5.15,28.9,Pakistan,ODI,25.0,shaheen afridi,,,,0.0,0.0,0.0,0.0,0.0,25.395549135311192,13.558375162696434,17.23890458041624,0,0,1,0,1,0,0,0,0,0,0,0,0,1,1,0,5,1
Pat Cummins,Pace Bowler,90,18.0,42.0,24.0,85.0,24.0,5.35,26.9,Australia,ODI,0.0,pat cummins,,,Bowler,0.0,0.0,0.0,0.0,0.0,25.007154635522426,1.90098574269755,6.551736157247709,0,0,1,0,1,0,0,0,0,0,0,0,0,0,1,0,5,1
Matthew Forde,Pace Bowler,95,19.0,,28.6,80.0,38.0,5.4,31.8,West Indies,ODI,14.0,matthew forde,,,Bowler,0.0,0.0,0.0,0.0,0.0,24.93901524959457,8.247047261126832,12.283128382977498,0,0,1,0,1,0,0,0,0,0,0,0,0,1,1,0,5,1
Mohammad Hasnain,Pace Bowler,65,16.25,,33.4,88.4,24.0,5.65,35.5,Pakistan,ODI,10.0,mohammad hasnain,,,,53.0,7.0,15.0,0.0,0.0,24.32167241308821,6.205796268266222,10.241804341329196,0,0,1,0,1,0,0,0,0,0,0,0,0,0,1,0,5,1
N. Kharote,Bowling All-Rounder,85,17.0,15.0,26.5,85.0,45.0,4.95,32.1,Afghanistan,ODI,0.0,n. kharote,,,,0.0,0.0,0.0,0.0,0.0,24.053203232532468,1.93480136899305,6.287238927141874,0,0,0,0,0,1,0,1,0,0,0,0,0,0,1,0,4,0
Kagiso Rabada,Pace Bowler,100,18.0,,27.0,80.0,22.0,5.3,30.6,South Africa,ODI,38.0,kagiso rabada,,,Bowler,0.0,0.0,0.0,0.0,0.0,23.985063846604618,19.48610301689483,22.175774500046785,0,0,1,0,1,0,0,0,0,0,0,0,0,1,1,0,5,1
Brad Evans,Bowling All-Rounder,95,19.0,,33.2,72.8,42.0,5.4,36.9,Zimbabwe,ODI,12.0,brad evans,,,All-Rounder,0.0,0.0,0.0,0.0,0.0,23.46720451355292,7.206889206296337,10.884888790004023,0,0,0,0,0,1,0,1,0,0,0,0,0,1,1,0,4,1
Johnson Charles,Wicketkeeper,48,16.0,,0.0,85.0,39.0,0.0,0.0,West Indies,ODI,0.0,johnson charles,,,Batter,0.0,0.0,0.0,0.0,0.0,23.09925182954251,0.0,4.23826186565448,1,0,0,0,0,0,0,0,0,0,0,0,0,0,0,0,7,0
T. van Woerkom,Bowling All-Rounder,85,17.0,8.0,31.0,78.5,35.0,4.95,37.6,Ireland,ODI,0.0,t. van woerkom,,,,0.0,0.0,0.0,0.0,0.0,22.724485206939313,1.8105864658561774,5.76354102604403,0,0,0,0,0,1,0,1,0,0,0,0,0,0,1,0,4,0
Maheesh Theekshana,Spin Bowler,95,15.83,,26.4,82.0,28.0,4.65,34.1,Sri Lanka,ODI,24.0,maheesh theekshana,,,Bowler,0.0,0.0,0.0,0.0,0.0,22.323825617683536,13.207766386103769,15.97070788038291,0,0,1,1,0,0,0,0,0,0,0,0,0,1,1,0,6,1
Adil Rashid,Spin Bowler,120,15.0,42.0,28.0,85.0,35.0,4.85,34.6,England,ODI,0.0,adil rashid,,,Bowler,0.0,0.0,0.0,0.0,0.0,22.145300426552556,1.9228668333802226,5.686120968729431,0,0,1,1,0,0,0,0,0,0,0,0,0,0,1,0,6,1
Ish Sodhi,Spin Bowler,140,18.0,36.0,31.0,70.0,20.0,5.1,36.5,New Zealand,ODI,0.0,ish sodhi,,,Bowler,0.0,0.0,0.0,0.0,0.0,21.940882268769,1.7622195860313776,5.477253671450629,0,0,1,1,0,0,0,0,0,0,0,0,0,0,1,0,6,1
Kuldeep Yadav,Spin Bowler,120,15.0,45.0,26.0,75.0,33.0,4.95,31.5,India,ODI,194.0,kuldeep yadav,Apr-41,,,212.0,44.0,120.0,0.0,0.0,21.25676283405334,92.19058859839,87.23562236661371,0,0,1,1,0,0,0,0,0,0,0,0,0,1,1,0,6,1
Ben Sears,Pace Bowler,128,16.9,41.0,32.4,70.5,22.0,4.95,33.9,New Zealand,ODI,0.0,ben sears,,,Bowler,0.0,0.0,0.0,0.0,0.0,20.993744804371822,1.778978969927659,5.199403790213194,0,0,1,0,1,0,0,0,0,0,0,0,0,0,1,0,5,1
Adam Zampa,Spin Bowler,120,15.0,38.0,28.0,78.5,22.0,5.15,32.6,Australia,ODI,0.0,adam zampa,,,Bowler,0.0,0.0,0.0,0.0,0.0,20.8165824009594,1.82509709011712,5.186394644909112,0,0,1,1,0,0,0,0,0,0,0,0,0,0,1,0,6,1
Jofra Archer,Pace Bowler,90,12.0,35.0,26.0,92.0,30.0,5.1,30.6,England,ODI,0.0,jofra archer,,,Bowler,0.0,0.0,0.0,0.0,0.0,20.714373322067615,1.902890309669289,5.225288173884677,0,0,1,0,1,0,0,0,0,0,0,0,0,0,1,0,5,1
Matt Henry,Pace Bowler,120,15.0,45.0,26.0,75.4,24.0,5.05,30.9,New Zealand,ODI,0.0,matt henry,,,Bowler,0.0,0.0,0.0,0.0,0.0,20.182886111830364,1.9186933496120453,5.075172415312925,0,0,1,0,1,0,0,0,0,0,0,0,0,0,1,0,5,1
Anrich Nortje,Pace Bowler,90,15.0,,26.0,75.0,18.0,5.45,28.6,South Africa,ODI,32.0,anrich nortje,,,Bowler,0.0,0.0,0.0,0.0,0.0,20.101118848716936,16.68522619360764,18.435199747780235,0,0,1,0,1,0,0,0,0,0,0,0,0,1,1,0,5,1
Wellington Masakadza,Spin Bowler,85,17.0,,31.4,65.4,34.0,4.7,40.1,Zimbabwe,ODI,14.0,wellington masakadza,,,,0.0,0.0,0.0,0.0,0.0,20.046607339974653,8.400856866720476,10.908854027971834,0,0,1,1,0,0,0,0,0,0,0,0,0,1,1,0,6,1
Usama Mir,Spin Bowler,40,13.3,,31.9,80.0,20.0,5.2,36.8,Pakistan,ODI,18.0,usama mir,,,,40.0,6.0,12.0,0.0,0.0,19.719538287520958,10.083609105129574,12.33301359585516,0,0,1,1,0,0,0,0,0,0,0,0,0,1,1,0,6,1
Barry McCarthy,Pace Bowler,65,13.0,15.0,32.2,80.4,24.0,5.9,32.7,Ireland,ODI,0.0,barry mccarthy,,,Bowler,0.0,0.0,0.0,0.0,0.0,19.29707409476826,1.5185378797311402,4.438378276170927,0,0,1,0,1,0,0,0,0,0,0,0,0,0,1,0,5,1
Senuran Muthusamy,Spin Bowler,80,15.0,,26.0,69.0,12.0,5.19,34.1,South Africa,ODI,31.0,senuran muthusamy,,,,0.0,0.0,0.0,0.0,0.0,18.874609902015564,16.294899130716715,17.70190403573543,0,0,1,1,0,0,0,0,0,0,0,0,0,1,1,0,6,1
Alzarri Joseph,Pace Bowler,70,14.0,,27.4,72.5,22.0,5.5,29.9,West Indies,ODI,21.0,alzarri joseph,,,Bowler,0.0,0.0,0.0,0.0,0.0,18.63612205126807,11.510422005127612,13.291161765158218,0,0,1,0,1,0,0,0,0,0,0,0,0,1,1,0,5,1
Lungi Ngidi,Pace Bowler,80,14.0,,29.0,68.0,19.0,5.1,34.1,South Africa,ODI,36.0,lungi ngidi,,,Bowler,0.0,0.0,0.0,0.0,0.0,17.716240341242045,18.55810995981367,19.395026213812685,0,0,1,0,1,0,0,0,0,0,0,0,0,1,1,0,5,1
Gus Atkinson,Pace Bowler,70,12.0,30.0,29.0,75.0,22.0,5.35,32.5,England,ODI,0.0,gus atkinson,,,Bowler,0.0,0.0,0.0,0.0,0.0,17.239264639747066,1.7380825771053705,4.000707144633883,0,0,1,0,1,0,0,0,0,0,0,0,0,0,1,0,5,0
Taskin Ahmed,Pace Bowler,60,12.0,26.0,24.1,65.0,18.0,5.2,27.8,Bangladesh,ODI,126.0,taskin ahmed,Apr-47,,,244.0,49.0,88.0,0.0,0.0,16.525163875223154,60.55000562288348,57.0906393350401,0,0,1,0,1,0,0,0,0,0,0,0,0,1,1,0,5,1
Mark Wood,Pace Bowler,60,10.0,28.0,27.0,80.0,25.0,5.45,29.7,England,ODI,0.0,mark wood,,,Bowler,0.0,0.0,0.0,0.0,0.0,16.353452622684966,1.7680858568994022,3.753836294239435,0,0,1,0,1,0,0,0,0,0,0,0,0,0,1,0,5,1
Hayden Walsh Jr,Spin Bowler,50,12.5,,36.5,68.0,18.0,5.7,38.4,West Indies,ODI,9.0,hayden walsh jr,,,,0.0,0.0,0.0,0.0,0.0,16.28531323675711,5.670344871282522,7.270010277524393,0,0,1,1,0,0,0,0,0,0,0,0,0,0,1,0,6,1
Akeal Hosein,Spin Bowler,60,12.0,,30.4,70.0,25.0,5.0,36.5,West Indies,ODI,17.0,akeal hosein,,,All-Rounder,0.0,0.0,0.0,0.0,0.0,16.217173850829255,9.716149263293499,10.916302933907275,0,0,1,1,0,0,0,0,0,0,0,0,0,1,1,0,6,1
Mohammad Siraj,Pace Bowler,77,13.0,63.0,24.0,65.0,28.0,4.45,28.0,India,ODI,0.0,mohammad siraj,,,Bowler,0.0,0.0,0.0,0.0,0.0,16.149034464901405,2.208709413266169,4.089999150107219,0,0,1,0,1,0,0,0,0,0,0,0,0,0,1,0,5,1
Will ORourke,Pace Bowler,90,12.0,42.0,25.0,68.0,18.0,4.85,30.9,New Zealand,ODI,0.0,will orourke,,,,0.0,0.0,0.0,0.0,0.0,15.80833753526213,2.020050207596357,3.8135757628453133,0,0,1,0,1,0,0,0,0,0,0,0,0,0,1,0,5,1
Lockie Ferguson,Pace Bowler,80,11.0,38.0,27.0,72.3,15.0,5.35,30.3,New Zealand,ODI,0.0,lockie ferguson,,,Bowler,0.0,0.0,0.0,0.0,0.0,15.733384210741491,1.7960037026492568,3.587295393858441,0,0,1,0,1,0,0,0,0,0,0,0,0,0,1,0,5,0
Naseem Shah,Pace Bowler,50,10.0,,26.5,70.0,18.0,4.95,32.1,Pakistan,ODI,22.0,naseem shah,Mar-40,,Bowler,224.0,18.0,34.0,0.0,0.0,15.53032884067649,12.168127611238978,12.926424377337586,0,0,1,0,1,0,0,0,0,0,0,0,0,1,1,0,5,0
Jeffrey Vandersay,Spin Bowler,40,10.0,,25.5,75.0,18.0,5.25,29.1,Sri Lanka,ODI,18.0,jeffrey vandersay,,,,0.0,0.0,0.0,0.0,0.0,15.331361833767154,10.247109869272446,11.123531711373037,0,0,1,1,0,0,0,0,0,0,0,0,0,1,1,0,6,1
Dilshan Madushanka,Pace Bowler,35,8.75,,29.1,80.5,12.0,5.4,32.3,Sri Lanka,ODI,22.0,dilshan madushanka,,,Bowler,0.0,0.0,0.0,0.0,0.0,15.2632224478393,11.954633584665261,12.650257830679088,0,0,1,0,1,0,0,0,0,0,0,0,0,1,1,0,5,1
A. Ghazanfar,Spin Bowler,30,10.0,16.0,23.8,70.0,15.0,4.7,30.4,Afghanistan,ODI,0.0,a. ghazanfar,,,,0.0,0.0,0.0,0.0,0.0,14.309271044849343,2.119348898233014,3.4397794858654906,0,0,1,1,0,0,0,0,0,0,0,0,0,0,1,0,6,1
Josh Hazlewood,Pace Bowler,40,10.0,25.0,25.0,70.0,15.0,5.5,27.3,Australia,ODI,0.0,josh hazlewood,,,,0.0,0.0,0.0,0.0,0.0,14.309271044849343,1.8216961375519714,3.1699680652277733,0,0,1,0,1,0,0,0,0,0,0,0,0,0,1,0,5,1
Mitchell Starc,Pace Bowler,60,12.0,28.0,26.0,60.0,10.0,4.8,32.5,Australia,ODI,0.0,mitchell starc,,,,0.0,0.0,0.0,0.0,0.0,14.172992272993636,2.0026469993079385,3.2918291848026167,0,0,1,0,1,0,0,0,0,0,0,0,0,0,1,0,5,1
Jasprit Bumrah,Pace Bowler,70,12.0,40.0,25.0,55.0,18.0,5.25,28.6,India,ODI,76.0,jasprit bumrah,,,Bowler,57.0,21.0,50.0,0.0,0.0,13.461617083906841,37.24366424604235,35.01643434582449,0,0,1,0,1,0,0,0,0,0,0,0,0,1,1,0,5,1
Jayden Seales,Pace Bowler,40,10.0,,34.0,65.0,12.0,5.3,38.5,West Indies,ODI,12.0,jayden seales,,,,0.0,0.0,0.0,0.0,0.0,13.287180255931535,7.219260407957799,7.746432105249984,0,0,1,0,1,0,0,0,0,0,0,0,0,1,1,0,5,0
Arshdeep Singh,Pace Bowler,50,10.0,29.0,27.0,60.0,15.0,5.65,28.7,India,ODI,25.0,arshdeep singh,Feb-33,,Bowler,56.0,10.0,15.0,0.0,0.0,12.57035391597051,13.34399471311599,13.076497337943046,0,0,1,0,1,0,0,0,0,0,0,0,0,1,1,0,5,1
Tanvir Islam,Spin Bowler,30,10.0,11.0,27.5,60.0,15.0,4.6,35.9,Bangladesh,ODI,16.0,tanvir islam,May-39,,,42.0,8.0,10.0,0.0,0.0,12.494037803731313,9.471227008877973,9.542362033752468,0,0,1,1,0,0,0,0,0,0,0,0,0,1,1,0,6,1
Blessing Muzarabani,Pace Bowler,65,13.0,,26.8,45.2,18.0,4.6,35.0,Zimbabwe,ODI,22.0,blessing muzarabani,,,Bowler,0.0,0.0,0.0,0.0,0.0,12.101554940786873,12.283671865250746,11.970308095851298,0,0,1,0,1,0,0,0,0,0,0,0,0,1,1,0,5,1
Josh Little,Pace Bowler,45,9.0,22.0,26.8,60.5,18.0,5.25,30.6,Ireland,ODI,0.0,josh little,,,Bowler,0.0,0.0,0.0,0.0,0.0,11.413347142915548,1.831252669860553,2.2826400453130242,0,0,1,0,1,0,0,0,0,0,0,0,0,0,1,0,5,1
F. Farooqi,Pace Bowler,40,8.0,24.0,25.1,65.0,12.0,4.85,31.1,Afghanistan,ODI,0.0,f. farooqi,,,,0.0,0.0,0.0,0.0,0.0,11.37927744995162,2.0164364831899135,2.439961381902166,0,0,1,0,1,0,0,0,0,0,0,0,0,0,1,0,5,1
Haris Rauf,Pace Bowler,30,6.0,,28.1,65.0,12.0,5.8,29.1,Pakistan,ODI,24.0,haris rauf,Apr-61,,,108.0,23.0,56.0,0.0,0.0,10.060098938388368,12.808706226018433,11.814611964741175,0,0,1,0,1,0,0,0,0,0,0,0,0,1,1,0,5,0
Asitha Fernando,Pace Bowler,20,5.0,,32.4,72.4,15.0,5.35,36.3,Sri Lanka,ODI,15.0,asitha fernando,,,,0.0,0.0,0.0,0.0,0.0,10.030117608580113,8.63329554169194,8.020477637912332,0,0,1,0,1,0,0,0,0,0,0,0,0,1,1,0,5,1
Mustafizur Rahman,Pace Bowler,35,7.0,24.0,25.8,58.0,12.0,5.15,30.1,Bangladesh,ODI,188.0,mustafizur rahman,,,,179.0,61.0,120.0,0.0,0.0,9.970154948963597,89.34257929529122,81.161960760113,0,0,1,0,1,0,0,0,0,0,0,0,0,1,1,0,5,1
Noor Ahmad,Spin Bowler,25,6.25,19.0,24.9,60.0,10.0,4.9,30.5,Afghanistan,ODI,10.0,noor ahmad,,,Bowler,46.0,6.0,13.0,0.0,0.0,8.938524646015889,6.65807855361685,5.892279375635348,0,0,1,1,0,0,0,0,0,0,0,0,0,0,1,0,6,1
Bilal Sami,Pace Bowler,15,7.5,11.0,28.2,55.0,5.0,5.75,29.4,Afghanistan,ODI,5.0,bilal sami,,,,0.0,1.0,2.0,0.0,0.0,8.85812017062102,3.9801760499977465,3.439981065666962,0,0,1,0,1,0,0,0,0,0,0,0,0,0,1,0,5,0
Graham Hume,Pace Bowler,30,7.5,11.0,34.8,52.0,12.0,5.3,39.4,Ireland,ODI,0.0,graham hume,,,,0.0,0.0,0.0,0.0,0.0,8.244865697270338,1.6221140313615057,1.11274425965843,0,0,1,0,1,0,0,0,0,0,0,0,0,0,1,0,5,0
Richard Ngarava,Pace Bowler,40,10.0,,28.5,40.1,12.0,4.9,34.9,Zimbabwe,ODI,19.0,richard ngarava,,,Bowler,0.0,0.0,0.0,0.0,0.0,8.19716812712084,10.729405068914035,9.353415432154094,0,0,1,0,1,0,0,0,0,0,0,0,0,1,1,0,5,1
Fareed Malik,Pace Bowler,20,5.0,12.0,30.4,62.0,8.0,5.5,33.2,Afghanistan,ODI,0.0,fareed malik,,,,0.0,0.0,0.0,0.0,0.0,7.904168767631063,1.6605763329304857,1.0421982725767487,0,0,1,0,1,0,0,0,0,0,0,0,0,0,1,0,5,1
Shoriful Islam,Pace Bowler,20,5.0,19.0,29.2,52.0,10.0,5.45,32.1,Bangladesh,ODI,63.0,shoriful islam,,,,102.0,25.0,43.0,0.0,0.0,6.416004578966735,31.009334159092603,27.185347879166326,0,0,1,0,1,0,0,0,0,0,0,0,0,1,1,0,5,1
Craig Young,Pace Bowler,20,5.0,18.0,28.5,45.0,10.0,5.55,30.8,Ireland,ODI,0.0,craig young,,,Bowler,0.0,0.0,0.0,0.0,0.0,4.42906008531051,1.6969710954141775,0.0,0,0,1,0,1,0,0,0,0,0,0,0,0,0,1,0,5,0
Nahid Rana,Pace Bowler,15,3.75,12.0,31.4,48.0,8.0,5.8,32.5,Bangladesh,ODI,21.0,nahid rana,,,,9.0,5.0,11.0,0.0,0.0,3.8989356627918053,11.32844271241869,8.566560331803597,0,0,1,0,1,0,0,0,0,0,0,0,0,1,1,0,5,0
Trevor Gwandu,Pace Bowler,15,5.0,,34.8,35.5,10.0,5.1,40.9,Zimbabwe,ODI,9.0,trevor gwandu,,,,0.0,0.0,0.0,0.0,0.0,2.4870875863666697,5.868705220947198,3.1806847191840406,0,0,1,0,1,0,0,0,0,0,0,0,0,0,1,0,5,0
Pramod Madushan,Pace Bowler,30,10.0,,34.8,0.0,0.0,6.57,31.4,Sri Lanka,ODI,12.0,pramod madushan,,,,0.0,2.0,0.0,0.0,0.0,0.0,6.9070389607288805,3.35239868628583,0,0,1,0,1,0,0,0,0,0,0,0,0,1,1,0,5,0
