Afghanistan,Australia,Bangladesh,England,India,Ireland,Pakistan,South Africa,Sri Lanka,West Indies,Zimbabwe
Tim Seifert,Tim Seifert,Tim Seifert,Tim Seifert,Finn Allen,Tim Seifert,Tim Seifert,Tim Seifert,Tim Seifert,Tim Seifert,Tim Seifert
Finn Allen,Finn Allen,Finn Allen,Finn Allen,Tim Seifert,Finn Allen,Finn Allen,Finn Allen,Finn Allen,Finn Allen,Finn Allen
Devon Conway,Devon Conway,Devon Conway,Devon Conway,Devon Conway,Devon Conway,Rachin Ravindra,Rachin Ravindra,Rachin Ravindra,Rachin Ravindra,Rachin Ravindra
Glenn Phillips,Glenn Phillips,Glenn Phillips,Glenn Phillips,Glenn Phillips,Glenn Phillips,Glenn Phillips,Glenn Phillips,Glenn Phillips,Glenn Phillips,Glenn Phillips
Mark Chapman,Mark Chapman,Mark Chapman,Mark Chapman,Mark Chapman,Mark Chapman,Mark Chapman,Mark Chapman,Mark Chapman,Mark Chapman,Mark Chapman
Daryl Mitchell,Daryl Mitchell,Daryl Mitchell,Daryl Mitchell,Daryl Mitchell,Daryl Mitchell,Daryl Mitchell,Daryl Mitchell,Daryl Mitchell,Daryl Mitchell,Daryl Mitchell
Mitchell Santner,Mitchell Santner,Mitchell Santner,Mitchell Santner,Mitchell Santner,Mitchell Santner,Mitchell Santner,Mitchell Santner,Mitchell Santner,Mitchell Santner,Cole McConchie
Michael Bracewell,James Neesham,Michael Bracewell,James Neesham,James Neesham,Michael Bracewell,Michael Bracewell,James Neesham,Michael Bracewell,Michael Bracewell,James Neesham
Matt Henry,Matt Henry,Matt Henry,Matt Henry,Matt Henry,Matt Henry,Matt Henry,Matt Henry,Matt Henry,Matt Henry,Kyle Jamieson
Lockie Ferguson,Lockie Ferguson,Lockie Ferguson,Lockie Ferguson,Lockie Ferguson,Adam Milne,Lockie Ferguson,Lockie Ferguson,Lockie Ferguson,Lockie Ferguson,Matt Henry
Jacob Duffy,Jacob Duffy,Adam Milne,Jacob Duffy,Jacob Duffy,Jacob Duffy,Jacob Duffy,Jacob Duffy,Jacob Duffy,Jacob Duffy,Jacob Duffy
